customer_key,customer_name,email,city,country,segment
1453064,Emma Scott,emma_scott@outlook.com,Nashville,US,Consumer
342257,Fatima Ali,fali@outlook.com,Dallas,UK,Consumer
1659717,Juana Garcia,juana.garcia@yahoo.com,San Antonio,US,Home Office
1198298,Deepak Das,deepak132@protonmail.com,Fort Worth,US,Consumer
1826184,Catalina Chavez,catalina_chavez@outlook.com,Austin,CA,Consumer
1843008,Ming Luo,mingluo@outlook.com,Seattle,US,Consumer
588730,James Jones,james44@gmail.com,Boston,UK,Consumer
76000,Mateo Jimenez,mateo975@gmail.com,Charlotte,DE,Corporate
1259355,Steven Young,syoung@yahoo.com,Columbus,US,Home Office
951600,Daniel Mitchell,daniel.mitchell@gmail.com,Phoenix,DE,Home Office
1668128,Lucia Romero,lucia.rom@protonmail.com,Jacksonville,UK,Home Office
1011610,Yan Zhou,yzhou@yahoo.com,Fort Worth,IN,Consumer
125010,Veronica Rodriguez,vrodriguez@icloud.com,Austin,US,Consumer
1178755,Amanda Phillips,amanda.phi@yahoo.com,Nashville,IN,Consumer
97431,Jorge Perez,jorge932@gmail.com,San Jose,UK,Consumer
478106,Antonio Conti,antonioconti@yahoo.com,Dallas,BR,Consumer
449619,Javier Garcia,javiergarcia@outlook.com,Portland,US,Consumer
1858346,Lakshmi Cook,lcook@outlook.com,San Diego,UK,Consumer
1651984,Ying He,ying889@gmail.com,Dallas,CA,Home Office
143885,Gaurav Patel,gaurav.patel@outlook.com,San Jose,US,Corporate
1727199,Julien Girard,jgirard@gmail.com,Jacksonville,US,Consumer
312923,Mia Walker,mwalker@icloud.com,Los Angeles,IN,Consumer
1840028,Leila Ali,leila324@outlook.com,Chicago,DE,Corporate
1206632,Ines Vasquez,ivasquez@gmail.com,Dallas,US,Corporate
947644,Paolo Gallo,paologal@gmail.com,Fort Worth,IN,Corporate
1394186,Sota Hayashi,sota.hay@gmail.com,Houston,US,Consumer
1522552,DeShawn Okeke,deshawn.oke@hotmail.com,Los Angeles,US,Consumer
1834906,Rebecca Morgan,rebecca.morgan@gmail.com,Denver,US,Home Office
879048,Fatima Ali,fatimaali@protonmail.com,Seattle,US,Corporate
719720,Anna Zimmermann,anna131@protonmail.com,Fort Worth,DE,Corporate
1345461,Oscar Ruiz,oscar698@gmail.com,Los Angeles,IN,Home Office
255028,Kai Xie,kai275@yahoo.com,San Jose,US,Corporate
438602,Amit Shah,amit583@gmail.com,Houston,US,Corporate
1704370,Rebecca Miller,rebecca.mil@gmail.com,Dallas,US,Corporate
1634629,Carlos Garcia,carlos917@hotmail.com,Seattle,UK,Consumer
1448804,Ji-hoon Oh,jihoonoh@yahoo.com,Dallas,US,Consumer
1106387,Claudia Garcia,cgarcia@gmail.com,Columbus,BR,Consumer
346767,Richard White,richard.whi@gmail.com,Boston,IN,Consumer
1503438,Daniel Howard,daniel.how@yahoo.com,Denver,CA,Consumer
56196,Adriana Gonzalez,adrianagon@gmail.com,Portland,DE,Consumer
1614013,Nikhil Joshi,nikhil45@gmail.com,Austin,US,Consumer
1410538,Louise Michel,louise.mic@gmail.com,Seattle,US,Consumer
404217,Kofi Eze,kofi269@yahoo.com,Nashville,UK,Corporate
1460430,Ji-hoon Han,jhan@gmail.com,Los Angeles,IN,Consumer
1507794,Amadou Owusu,amadou.owu@outlook.com,San Jose,US,Corporate
692905,Carmen Ruiz,carmen.ruiz@outlook.com,Portland,IN,Consumer
1338549,Thomas Wright,thomaswright@gmail.com,San Jose,US,Consumer
290019,Henry Cox,henry.cox@gmail.com,San Antonio,US,Consumer
604568,Lisa Taylor,lisatay@outlook.com,Columbus,US,Consumer
626138,Elena Aguilar,elena.aguilar@hotmail.com,San Diego,US,Consumer
1756730,Gabriela Ramos,gabriela.ram@outlook.com,Charlotte,IN,Consumer
1357598,Michelle Walker,mwalker@gmail.com,Jacksonville,CA,Consumer
1309993,Beatrice Conti,beatrice668@gmail.com,Portland,BR,Consumer
1090085,Kemi Okafor,kemi.okafor@gmail.com,San Diego,IN,Corporate
1249031,Andreas Meyer,ameyer@protonmail.com,Jacksonville,BR,Corporate
748438,Pilar Martinez,pilar294@outlook.com,Phoenix,UK,Consumer
1992506,Richard Campbell,richard_campbell@gmail.com,New York,BR,Consumer
1072050,Antonio Garcia,antonio_gar@gmail.com,San Diego,US,Consumer
1303816,Emma Ricci,ericci@yahoo.com,Charlotte,IN,Consumer
1694440,Marion Dubois,marion216@gmail.com,Portland,UK,Consumer
175070,Kenneth Bailey,kenneth_bai@gmail.com,Houston,CA,Consumer
575998,Ren Watanabe,rwatanabe@outlook.com,Portland,UK,Corporate
648553,Paolo Lombardi,paolo.lombardi@gmail.com,Columbus,US,Corporate
483141,Jade Fournier,jade813@protonmail.com,Jacksonville,CA,Consumer
1187022,Markus Koch,markus312@hotmail.com,Seattle,BR,Corporate
183201,Leonardo Rogers,leonardo.rog@gmail.com,Columbus,US,Corporate
1259361,Steven Bailey,sbailey@gmail.com,San Antonio,CA,Consumer
1644075,Chae-won Shin,chaewon.shin@outlook.com,Chicago,CA,Consumer
87781,Edward Rogers,edward214@gmail.com,Charlotte,UK,Corporate
1520456,Joshua Cooper,jcooper@gmail.com,Fort Worth,DE,Consumer
1236627,Mateo Gonzalez,mgonzalez@outlook.com,Columbus,US,Home Office
961152,Harper Stewart,harper.ste@hotmail.com,San Jose,US,Home Office
1546303,Bin Zhang,bin798@gmail.com,Jacksonville,US,Consumer
1178883,Jessica Taylor,jtaylor@gmail.com,Houston,US,Consumer
558790,Mariana Garcia,mariana866@outlook.com,Dallas,DE,Consumer
966317,Sara Gallo,sgallo@gmail.com,Dallas,US,Home Office
863989,Hye-jin Song,hsong@hotmail.com,Denver,DE,Consumer
1123807,Emeka Mensah,emensah@gmail.com,Dallas,DE,Consumer
981599,Gabriela Ramos,gabriela.ram@yahoo.com,Los Angeles,US,Consumer
928894,Andrea Moretti,andrea911@yahoo.com,Phoenix,IN,Consumer
1295850,Qing Deng,qdeng@gmail.com,Portland,UK,Consumer
376898,Grace Harris,gharris@gmail.com,Portland,CA,Corporate
1179324,Deepak Pillai,deepak.pillai@gmail.com,Dallas,UK,Corporate
1702870,Anna Lange,annalan@outlook.com,San Diego,UK,Consumer
884831,Donna Campbell,donna134@gmail.com,Columbus,BR,Home Office
459605,Chloe Cooper,chloe561@yahoo.com,San Jose,CA,Home Office
104071,Tariq Said,tariqsai@gmail.com,New York,DE,Consumer
652485,Jessica Mitchell,jessica.mit@gmail.com,San Antonio,US,Home Office
1431677,Deepak Kapoor,deepak.kapoor@outlook.com,San Antonio,BR,Consumer
923569,Anjali Rao,arao@icloud.com,Los Angeles,UK,Corporate
1746570,Pranav Reddy,pranav.reddy@outlook.com,Boston,CA,Consumer
1001886,Rashid Aziz,rashid.azi@gmail.com,Houston,UK,Corporate
626875,Mia Jackson,mia.jac@gmail.com,San Diego,US,Corporate
1251627,Evelyn Baker,evelyn868@gmail.com,Charlotte,DE,Consumer
1735959,Richard Wright,richard.wri@protonmail.com,Nashville,US,Home Office
168596,Jennifer Richardson,jennifer.ric@gmail.com,Philadelphia,IN,Corporate
94235,William Anderson,wanderson@outlook.com,Phoenix,DE,Home Office
773204,Mateo Ortiz,mortiz@yahoo.com,Nashville,US,Home Office
396794,Peng Wu,pwu@gmail.com,Nashville,CA,Consumer
425216,Deborah Davis,deborah.davis@yahoo.com,Phoenix,DE,Home Office
1701178,Marco Moretti,marco_moretti@gmail.com,Houston,UK,Home Office
290477,Manuel Morales,manuel_mor@outlook.com,Los Angeles,BR,Corporate
1163548,Kemi Nwosu,knwosu@yahoo.com,Chicago,CA,Corporate
778013,Chidi Ndiaye,chidi.ndiaye@gmail.com,Austin,BR,Home Office
649405,Arjun Bhat,arjun_bha@yahoo.com,San Diego,US,Consumer
1912738,Wolfgang Schröder,wolfgang761@gmail.com,Denver,DE,Consumer
1075994,Ananya Sharma,ananyasha@icloud.com,Dallas,US,Home Office
1896285,Ananya Malhotra,ananyamalhotra@icloud.com,Jacksonville,US,Consumer
247591,Kevin Thomas,kevin_tho@gmail.com,San Jose,US,Corporate
1757580,Yong Roberts,yong859@gmail.com,Portland,BR,Corporate
809854,Liam Evans,liam567@icloud.com,Portland,US,Consumer
725006,Karim Ali,kali@outlook.com,Charlotte,IN,Consumer
652074,Xin Liu,xin300@outlook.com,Los Angeles,US,Corporate
1790682,Anthony Evans,anthony428@gmail.com,San Jose,IN,Consumer
390138,Joseph Harris,joseph881@gmail.com,San Jose,IN,Corporate
189343,Ming Guo,ming370@gmail.com,Phoenix,IN,Home Office
975319,Mia Williams,mia960@gmail.com,Chicago,DE,Consumer
1434494,Veronica Ruiz,veronicarui@gmail.com,Philadelphia,CA,Consumer
592245,Luis Rodriguez,lrodriguez@gmail.com,Fort Worth,UK,Corporate
1950761,Owen Anderson,oanderson@outlook.com,San Jose,US,Corporate
227650,Ronald Green,ronald.green@yahoo.com,Nashville,IN,Consumer
146491,Hector Torres,htorres@icloud.com,San Diego,US,Home Office
1614938,Farah Aziz,farah.azi@yahoo.com,Portland,US,Corporate
825024,Katharina Hofmann,khofmann@protonmail.com,Houston,DE,Corporate
18507,Amit Hegde,ahegde@outlook.com,Los Angeles,US,Consumer
885778,Lisa Morgan,lisa824@gmail.com,Denver,IN,Corporate
1062052,Edward Howard,ehoward@outlook.com,New York,US,Home Office
1563903,Elizabeth Parker,elizabeth_parker@icloud.com,Philadelphia,BR,Corporate
1851954,Carlos Ramirez,carlosram@gmail.com,San Jose,CA,Home Office
764405,So-yeon Song,soyeon866@yahoo.com,Phoenix,IN,Home Office
1087614,Carol Rogers,carol924@gmail.com,Jacksonville,BR,Corporate
1237017,Joseph Davis,joseph.davis@gmail.com,Houston,DE,Corporate
669579,Kavya Bhat,kavya.bha@icloud.com,Nashville,US,Consumer
9758,Kwame Sane,kwame.san@icloud.com,Denver,UK,Home Office
352019,Jennifer Thompson,jennifertho@outlook.com,Denver,DE,Consumer
952413,Sophia Ward,sophiawar@gmail.com,Columbus,US,Home Office
1676483,Katharina Becker,kbecker@gmail.com,San Antonio,US,Home Office
1324419,Michelle Harris,michelle.harris@yahoo.com,Nashville,BR,Consumer
714062,Mason Reed,mason_reed@icloud.com,San Jose,UK,Home Office
802822,Timothy Robinson,timothy.robinson@icloud.com,Houston,US,Consumer
284117,Lucia Flores,lucia.flores@gmail.com,Nashville,US,Corporate
747285,Amadou Boateng,amadou780@outlook.com,San Jose,UK,Corporate
1476841,Kwame Howard,kwame.how@gmail.com,Denver,US,Home Office
1120592,Hannah Martin,hannahmar@gmail.com,Seattle,DE,Consumer
1236527,Charles Cooper,charles.cooper@hotmail.com,San Diego,BR,Consumer
1266948,Caleb Baker,calebbaker@yahoo.com,Seattle,US,Home Office
1348020,Jack Davis,jackdav@gmail.com,Boston,DE,Home Office
1973264,Christopher Edwards,cedwards@icloud.com,Denver,UK,Corporate
631873,Kemi Adeyemi,kemi.ade@gmail.com,New York,IN,Corporate
1885793,Adriana Diaz,adrianadiaz@protonmail.com,Portland,US,Home Office
693362,Matthew Baker,matthewbaker@gmail.com,Jacksonville,UK,Consumer
1679483,Emma Rizzo,emma.riz@gmail.com,Houston,UK,Consumer
1850762,Kofi Ndiaye,kofi.ndiaye@outlook.com,Portland,IN,Consumer
1725104,Yasmin Hassan,yhassan@gmail.com,Chicago,US,Consumer
1146258,Evelyn Parker,evelyn.parker@icloud.com,Boston,DE,Consumer
120799,Swati Menon,swati.menon@gmail.com,Seattle,UK,Corporate
1908100,Lei Tang,ltang@gmail.com,Phoenix,DE,Consumer
1768033,Mateo Castillo,mcastillo@gmail.com,Boston,IN,Home Office
1994209,Adriana Mendoza,adrianamen@icloud.com,Los Angeles,DE,Consumer
1945779,Claudia Alvarez,claudia685@icloud.com,Austin,DE,Corporate
605371,Mary Taylor,mtaylor@gmail.com,Boston,UK,Consumer
1599698,Aaliyah Mensah,aaliyahmen@outlook.com,Phoenix,CA,Home Office
653724,Brian Eze,brian_eze@yahoo.com,Jacksonville,CA,Consumer
1804780,John Wilson,johnwil@icloud.com,New York,US,Consumer
18017,Oliver Harris,oliver391@outlook.com,Portland,UK,Consumer
1434481,Gabriela Torres,gabriela28@icloud.com,San Jose,US,Consumer
571993,Paula Diaz,paula978@gmail.com,Boston,US,Consumer
581166,Sneha Malhotra,sneha469@outlook.com,Dallas,US,Consumer
948189,Susan Howard,susan.howard@gmail.com,Seattle,UK,Consumer
1144982,Gabriela Gutierrez,gabriela_gut@gmail.com,Philadelphia,CA,Corporate
525303,Layla Ibrahim,layla.ibrahim@gmail.com,Nashville,UK,Consumer
1515288,Ramesh Bhat,rbhat@gmail.com,New York,CA,Consumer
235553,Nia Mensah,nia804@outlook.com,Chicago,US,Consumer
108141,Aya Nasser,aya.nas@gmail.com,Seattle,DE,Consumer
1387485,Hector Ruiz,hector894@protonmail.com,Seattle,US,Consumer
927106,Michelle Carter,michelle.carter@gmail.com,Columbus,US,Consumer
402280,Aarti Patel,aarti241@gmail.com,Charlotte,BR,Corporate
1110810,Juliette Petit,juliette795@gmail.com,Charlotte,UK,Corporate
823449,Betty Carter,bettycar@outlook.com,Boston,US,Consumer
1311691,Rebecca Nelson,rebeccanelson@gmail.com,Charlotte,US,Consumer
646273,Olivier Morel,omorel@yahoo.com,Denver,US,Home Office
150986,Jason Harris,jason94@protonmail.com,New York,US,Home Office
16352,Steven Thomas,sthomas@yahoo.com,Houston,US,Consumer
1362777,Wei Deng,wei.deng@icloud.com,Denver,BR,Corporate
1616507,Patricia Morales,patricia_morales@hotmail.com,Charlotte,DE,Consumer
1101883,Chidi Kone,chidi69@yahoo.com,Seattle,DE,Corporate
422570,Yan Li,yan57@yahoo.com,San Jose,US,Consumer
1459610,Jennifer Hall,jennifer848@yahoo.com,San Diego,US,Corporate
820013,David Roberts,david.rob@outlook.com,Columbus,IN,Consumer
1025498,Raul Walker,raul.walker@hotmail.com,Fort Worth,US,Corporate
1646543,Laura Phillips,laura879@gmail.com,Philadelphia,US,Consumer
910651,Kevin Baker,kevin664@gmail.com,Columbus,US,Corporate
1465602,Samir Khoury,samir_khoury@gmail.com,Nashville,US,Consumer
142658,Brian Collins,briancollins@icloud.com,Chicago,US,Corporate
391433,Chidi Camara,ccamara@gmail.com,Columbus,UK,Consumer
1197955,Edward Bell,ebell@outlook.com,Denver,DE,Consumer
293660,Linda Martin,linda.mar@outlook.com,San Diego,UK,Corporate
1096707,Rashid Khoury,rkhoury@icloud.com,San Diego,IN,Corporate
414367,Rin Hayashi,rin.hayashi@hotmail.com,Chicago,US,Corporate
20368,Jade Bernard,jbernard@outlook.com,New York,US,Consumer
390059,Hana Watanabe,hwatanabe@outlook.com,Charlotte,IN,Home Office
127316,Joshua Cox,joshuacox@outlook.com,Chicago,UK,Corporate
338157,Marion Laurent,marion267@outlook.com,Fort Worth,UK,Consumer
1569896,Liam Bell,liam_bel@outlook.com,San Diego,US,Corporate
1093320,Mason Reed,mreed@gmail.com,San Antonio,UK,Consumer
1706145,Anna Bruno,annabruno@yahoo.com,Columbus,IN,Consumer
997605,Jack Müller,jmller@gmail.com,Columbus,US,Consumer
883465,Jorge Torres,jorge.tor@gmail.com,Phoenix,UK,Consumer
1130541,Malik Asante,malikasante@gmail.com,Fort Worth,US,Corporate
643794,Meera Banerjee,meeraban@outlook.com,Seattle,US,Home Office
1926262,Sung-min Lim,sungmin.lim@gmail.com,Los Angeles,US,Consumer
613341,Margaret Harris,margaret196@outlook.com,Houston,BR,Corporate
1376046,Robert Taylor,rtaylor@outlook.com,Phoenix,UK,Consumer
1257774,Aya Said,ayasai@protonmail.com,New York,DE,Consumer
1641095,Imani Sane,imani.sane@gmail.com,Dallas,DE,Consumer
38861,Charles Harris,charles4@gmail.com,Dallas,DE,Home Office
962450,Shu Chen,shuchen@gmail.com,San Antonio,CA,Consumer
1516875,Aya Said,aya.said@gmail.com,Phoenix,UK,Home Office
177275,Folake Sow,folakesow@gmail.com,Charlotte,IN,Consumer
1133239,Ethan Reed,ethan_reed@yahoo.com,Houston,DE,Consumer
83272,Jun Han,jun.han@yahoo.com,Jacksonville,IN,Corporate
71502,James Green,james_gre@hotmail.com,Portland,IN,Consumer
1484250,Hannah Stewart,hannah.ste@outlook.com,San Diego,US,Consumer
1706794,Peng Xu,peng786@outlook.com,Chicago,US,Consumer
249168,Nicolas Garcia,ngarcia@gmail.com,Nashville,BR,Consumer
495473,Pablo Mendoza,pablo.men@icloud.com,Fort Worth,UK,Corporate
1986524,Laura Nelson,laura.nelson@gmail.com,Phoenix,US,Consumer
220605,Ronald Allen,rallen@gmail.com,San Jose,UK,Consumer
1351834,Jorge Martinez,jorge989@gmail.com,Chicago,US,Corporate
1906184,Carol Thomas,carol.thomas@hotmail.com,Houston,US,Home Office
1185400,Pierre Girard,pierre647@gmail.com,Charlotte,DE,Corporate
125182,Khalid Yousef,khalid685@outlook.com,Portland,CA,Corporate
174653,Beatriz Perez,bperez@hotmail.com,Los Angeles,UK,Home Office
123984,Amelia Mitchell,amelia_mit@outlook.com,Portland,US,Consumer
1524205,Ava Adams,ava.ada@gmail.com,Chicago,BR,Corporate
732331,Joseph Rodriguez,josephrodriguez@yahoo.com,New York,CA,Corporate
964560,Giorgia Mancini,giorgia_man@yahoo.com,Houston,US,Home Office
383056,Jonas Müller,jonas884@protonmail.com,Fort Worth,UK,Consumer
257879,Jeffrey Phillips,jeffreyphillips@yahoo.com,Phoenix,US,Home Office
970551,Celine Leroy,celine.ler@outlook.com,Houston,DE,Consumer
809251,Zhen Zhao,zzhao@icloud.com,Columbus,IN,Corporate
911891,James Jones,james_jon@gmail.com,Phoenix,IN,Corporate
590090,Eduardo Hernandez,eduardo.hernandez@outlook.com,Dallas,CA,Consumer
817540,Juan Sun,jsun@gmail.com,Boston,UK,Consumer
393687,Donald Petit,donald.pet@protonmail.com,San Diego,US,Consumer
420412,Paula Ramirez,paula222@outlook.com,Dallas,DE,Home Office
463700,Miguel Perez,miguel438@outlook.com,Denver,CA,Consumer
340963,Antoine Petit,antoine.pet@gmail.com,Houston,US,Consumer
876631,Edward Lim,edward.lim@protonmail.com,Houston,US,Corporate
337419,Yousef Khoury,yousefkho@outlook.com,San Antonio,US,Consumer
54135,Laura Johnson,laura295@yahoo.com,Denver,US,Corporate
1374017,Celine Lefebvre,celine361@outlook.com,Portland,US,Consumer
1912640,Javier Cruz,jcruz@outlook.com,Charlotte,BR,Home Office
1653397,Sophia Harris,sophia_har@icloud.com,Phoenix,DE,Corporate
1105474,Monika Becker,monika890@gmail.com,Los Angeles,US,Corporate
66462,Deepak Joshi,deepakjos@yahoo.com,Fort Worth,US,Consumer
203098,Yousef Aziz,yousefaziz@gmail.com,Los Angeles,CA,Consumer
1055233,Zara Okonkwo,zara.oko@hotmail.com,Jacksonville,BR,Consumer
685118,Aisha Toure,aishatoure@outlook.com,San Jose,BR,Corporate
1291245,Franziska Hofmann,franziska_hofmann@gmail.com,Phoenix,US,Corporate
1451553,Kofi Kone,kofi638@icloud.com,Jacksonville,US,Corporate
3579,Ngozi Ward,nward@hotmail.com,San Jose,BR,Consumer
822903,Lucas Young,lucas_young@outlook.com,Chicago,UK,Home Office
1503406,Rebecca Eze,rebecca.eze@hotmail.com,Dallas,IN,Consumer
87364,Donald Harris,donald470@gmail.com,Boston,US,Corporate
975594,Mathieu Laurent,mathieu.lau@outlook.com,Seattle,DE,Home Office
142943,Aurelie Morel,aurelie443@gmail.com,Phoenix,UK,Home Office
874465,Michael Jackson,mjackson@hotmail.com,Dallas,US,Consumer
244377,Edward Morris,emorris@yahoo.com,Austin,US,Consumer
1554503,Zaid Edwards,zaidedwards@gmail.com,Columbus,US,Consumer
326271,Maryam Aziz,maziz@hotmail.com,Houston,US,Consumer
722450,Sophia Allen,sallen@gmail.com,Seattle,US,Consumer
1551642,Mason Walker,mwalker@gmail.com,Nashville,BR,Home Office
841283,James Rizzo,jamesriz@outlook.com,Nashville,US,Consumer
1369833,Amira Hassan,amira91@gmail.com,Charlotte,US,Corporate
722385,Feng Wang,feng_wan@hotmail.com,Austin,IN,Home Office
336470,Barbara Jones,barbara.jones@gmail.com,Philadelphia,US,Consumer
1857547,Tae-yang Jang,taeyang981@gmail.com,Columbus,UK,Consumer
806585,Sandra Bell,sbell@outlook.com,Jacksonville,BR,Consumer
609230,Ying Stewart,ying980@icloud.com,Boston,BR,Consumer
1113658,Emily Cox,ecox@yahoo.com,Philadelphia,DE,Consumer
941319,Thomas Cooper,thomascoo@protonmail.com,San Diego,DE,Corporate
596038,Patricia Garcia,patriciagarcia@gmail.com,Fort Worth,IN,Corporate
1629715,Aaliyah Camara,aaliyahcam@hotmail.com,Phoenix,UK,Corporate
1626160,Leonardo Rizzo,leonardo878@protonmail.com,Houston,US,Consumer
123538,Deborah Collins,deborah_col@gmail.com,Seattle,US,Consumer
847765,Elisa Moretti,elisa559@outlook.com,Houston,BR,Corporate
992116,Nancy Lewis,nlewis@hotmail.com,Dallas,US,Consumer
586396,Karen Allen,karen.allen@outlook.com,Dallas,BR,Consumer
1543745,Franziska Wagner,franziska.wagner@gmail.com,San Diego,CA,Corporate
1642805,Paul Turner,paul40@yahoo.com,New York,DE,Consumer
100061,Charles Bailey,charles641@hotmail.com,Charlotte,BR,Corporate
330274,Charles Williams,charles.wil@hotmail.com,New York,US,Home Office
1621308,Abena Keita,abena283@gmail.com,Philadelphia,US,Corporate
323655,Manuel Ortiz,manuel.ortiz@gmail.com,Nashville,US,Home Office
406399,Vittoria Rizzo,vittoria.riz@gmail.com,San Jose,US,Corporate
1551682,Xia Zhou,xzhou@gmail.com,Los Angeles,US,Consumer
1031374,Pallavi Das,pallavi505@yahoo.com,Columbus,IN,Consumer
196794,Amara Sow,amara.sow@yahoo.com,Seattle,UK,Consumer
51836,Matthew Taylor,mtaylor@gmail.com,Seattle,DE,Home Office
1639544,Deborah Parker,deborah491@gmail.com,Nashville,US,Corporate
645221,Tariq Awad,tariq_awa@gmail.com,Columbus,BR,Corporate
1892562,Patricia Hernandez,phernandez@icloud.com,Dallas,IN,Home Office
1635235,Emma Davis,emmadav@icloud.com,New York,BR,Home Office
41611,Pablo Diaz,pablo.dia@yahoo.com,Jacksonville,IN,Home Office
838859,Robert Roberts,robert.rob@hotmail.com,Portland,DE,Consumer
1755796,Sita Mehta,sita.meh@yahoo.com,Fort Worth,US,Home Office
257751,Evelyn Richardson,evelyn_ric@icloud.com,Columbus,DE,Consumer
1199616,Timothy Howard,timothy373@gmail.com,San Antonio,UK,Consumer
1902728,Mark Davis,mark_dav@outlook.com,Philadelphia,US,Consumer
199531,Khalid Saleh,ksaleh@outlook.com,Columbus,DE,Home Office
657383,Andreas Wagner,awagner@outlook.com,Phoenix,UK,Corporate
1074083,Joseph Brown,joseph246@protonmail.com,Dallas,DE,Consumer
1192975,Daniela Rodriguez,daniela311@gmail.com,Fort Worth,UK,Home Office
452612,Liam Sharma,liamsha@yahoo.com,Fort Worth,BR,Corporate
1897094,Adriana Garcia,adriana_garcia@yahoo.com,San Antonio,US,Corporate
814528,Hannah Werner,hannah437@outlook.com,Philadelphia,UK,Consumer
1997699,Michelle Williams,michelle388@gmail.com,Houston,UK,Consumer
1144778,Anthony Bruno,anthony_bruno@gmail.com,Philadelphia,IN,Corporate
411696,Thomas Wilson,twilson@icloud.com,Dallas,IN,Consumer
1915050,Riccardo Rizzo,riccardo.riz@yahoo.com,Philadelphia,DE,Corporate
877308,Sanjay Menon,smenon@gmail.com,Los Angeles,IN,Consumer
750743,Mei Zheng,mei.zhe@gmail.com,Denver,UK,Corporate
1545711,Thomas Robinson,thomas.robinson@protonmail.com,Nashville,IN,Corporate
1902860,Hannah Thompson,hannahthompson@gmail.com,Charlotte,CA,Corporate
466233,Sandra Thompson,sandra42@yahoo.com,Portland,US,Consumer
891816,James Murphy,james.murphy@gmail.com,Austin,IN,Consumer
1366775,Isabella Hernandez,isabellaher@icloud.com,Nashville,BR,Corporate
1759478,Gang Lin,gang.lin@gmail.com,Denver,IN,Consumer
365786,Fang Tang,ftang@hotmail.com,Portland,UK,Consumer
1911665,Anna Bauer,anna.bau@yahoo.com,Philadelphia,US,Consumer
1121427,Jing Ma,jing_ma@outlook.com,Charlotte,UK,Corporate
661974,Ming Yang,mingyan@yahoo.com,Columbus,UK,Consumer
1276302,Mateo Jimenez,mateo.jimenez@protonmail.com,Philadelphia,DE,Corporate
1955664,Francesca Rizzo,francesca_riz@icloud.com,New York,US,Corporate
194979,Karim Hassan,karim.has@yahoo.com,Phoenix,US,Corporate
1298501,Lei Li,leili@gmail.com,San Antonio,DE,Consumer
128884,Chidi Boateng,cboateng@gmail.com,New York,UK,Corporate
939633,Luis Sanchez,luis787@gmail.com,Austin,DE,Consumer
1588326,Yu-na Lee,yuna.lee@yahoo.com,Houston,DE,Corporate
1615070,Marisol Moreno,marisolmoreno@gmail.com,Boston,BR,Consumer
1371927,Salma Ibrahim,sibrahim@protonmail.com,Chicago,BR,Corporate
925297,Anthony Young,anthonyyou@yahoo.com,Denver,DE,Corporate
400010,Chloe Anderson,chloe424@gmail.com,Phoenix,US,Consumer
1980497,Lucas Johnson,lucasjoh@gmail.com,New York,UK,Consumer
1864230,Min-jun Jang,minjun.jang@protonmail.com,Chicago,CA,Corporate
912069,Ute Richter,urichter@gmail.com,Portland,UK,Consumer
1198075,Eduardo Martinez,emartinez@icloud.com,Austin,DE,Corporate
1062009,Andreas Farah,andreas502@hotmail.com,Chicago,UK,Home Office
1788019,Mateo Hernandez,mhernandez@gmail.com,Portland,US,Consumer
1362022,Amanda Bailey,amanda.bailey@gmail.com,Fort Worth,IN,Home Office
1272564,Rebecca Turner,rebecca.turner@protonmail.com,San Antonio,US,Corporate
1363283,Mia Ward,mward@hotmail.com,Los Angeles,DE,Consumer
1472687,Isabelle Mercier,isabellemer@yahoo.com,Los Angeles,US,Consumer
167248,Ines Reyes,ireyes@gmail.com,Charlotte,IN,Corporate
1250490,Ramesh Hegde,rhegde@icloud.com,Los Angeles,US,Consumer
791626,Tobias Krüger,tobias289@hotmail.com,Seattle,US,Consumer
364348,Ji-ho Yoon,jiho.yoon@gmail.com,Columbus,US,Corporate
1805868,Takumi Yamada,takumi.yamada@protonmail.com,San Jose,DE,Corporate
1404948,Claudia Ramos,claudia_ramos@icloud.com,Phoenix,UK,Corporate
1636694,Lukas Schmidt,lukassch@yahoo.com,Austin,IN,Consumer
345267,Timothy Lewis,timothy_lew@icloud.com,Los Angeles,US,Consumer
1586419,Aiko Hayashi,aiko_hay@gmail.com,Denver,US,Corporate
1620302,Jessica Miller,jessica160@gmail.com,Los Angeles,IN,Corporate
445147,Raul Hernandez,rhernandez@gmail.com,Columbus,IN,Corporate
1657769,John Morris,john_morris@gmail.com,Columbus,US,Consumer
1878659,Isabelle Morel,isabelle465@yahoo.com,Phoenix,US,Home Office
1689060,Cheng Tang,cheng618@icloud.com,Seattle,UK,Consumer
890184,Emma Jones,emma437@gmail.com,Los Angeles,US,Consumer
1297836,Jennifer Sanchez,jsanchez@gmail.com,Nashville,IN,Consumer
628924,Alessandro Cooper,acooper@gmail.com,Jacksonville,US,Consumer
1101867,Amanda Smith,asmith@gmail.com,Portland,US,Consumer
152097,Yaw Mensah,yaw316@outlook.com,Austin,BR,Consumer
1820274,Theo Deng,theodeng@icloud.com,New York,UK,Home Office
1208856,Pallavi Agarwal,pallavi673@gmail.com,Seattle,US,Corporate
1991632,Teresa Vasquez,teresa871@hotmail.com,Fort Worth,US,Consumer
332540,Varun Chopra,vchopra@gmail.com,Denver,IN,Consumer
1596222,Olivia Murphy,olivia_murphy@icloud.com,San Antonio,BR,Consumer
352994,Charles Robinson,charles803@hotmail.com,Philadelphia,US,Consumer
844675,Melissa Harris,melissa_har@gmail.com,Portland,UK,Corporate
567748,Marlene Weber,marlene348@gmail.com,Portland,US,Corporate
1774008,Leila Haddad,leila249@outlook.com,Fort Worth,IN,Consumer
1730360,Kenneth Reed,kreed@gmail.com,Philadelphia,DE,Consumer
1854207,Paul Miller,pmiller@outlook.com,Austin,DE,Consumer
1385951,Wolfgang Wolf,wolfgang460@gmail.com,Philadelphia,US,Corporate
734964,Emeka Adeyemi,eadeyemi@icloud.com,Columbus,US,Corporate
305967,Luis Aguilar,luisaguilar@protonmail.com,Fort Worth,BR,Consumer
1195006,Hector Ruiz,hector.ruiz@gmail.com,San Jose,BR,Home Office
1149126,Nancy Cox,nancy.cox@outlook.com,Denver,US,Consumer
975678,Paolo Lombardi,paolo121@gmail.com,New York,UK,Corporate
779025,Giulia Romano,giuliaromano@protonmail.com,Houston,UK,Consumer
3908,Sophie Michel,sophie.mic@gmail.com,Chicago,IN,Consumer
649320,Seo-yeon Oh,soh@gmail.com,San Antonio,US,Corporate
1534954,Dinesh Chatterjee,dineshcha@yahoo.com,Columbus,IN,Corporate
820496,Luis Ramos,luis859@yahoo.com,Chicago,DE,Consumer
554107,Sekou Cisse,scisse@outlook.com,Boston,UK,Consumer
773532,Yun Li,yun682@protonmail.com,Austin,US,Consumer
335197,Betty Jackson,bjackson@gmail.com,Chicago,DE,Consumer
1188174,Amadou Okafor,amadou2@gmail.com,New York,IN,Consumer
1992900,Yuto Watanabe,yuto170@gmail.com,Portland,UK,Consumer
1511100,Aurelie Simon,aureliesim@gmail.com,Columbus,IN,Consumer
955969,Juana Jimenez,juana_jim@gmail.com,Dallas,IN,Corporate
1348107,Ines Gutierrez,igutierrez@icloud.com,Austin,UK,Home Office
519861,Pilar Lopez,pilar.lopez@gmail.com,Nashville,CA,Corporate
186599,Owen Walker,owen62@gmail.com,Los Angeles,DE,Home Office
1609829,Mei Li,mei.li@gmail.com,Columbus,US,Corporate
1620312,George Murphy,gmurphy@gmail.com,San Antonio,UK,Corporate
319745,Patricia Young,pyoung@yahoo.com,Denver,US,Consumer
1589453,Sabine Faure,sabinefaure@outlook.com,Boston,DE,Consumer
199093,Fang Li,fangli@gmail.com,Portland,IN,Corporate
1682384,Alejandro Alvarez,alejandro_alv@outlook.com,Philadelphia,US,Home Office
240895,Javier Hernandez,jhernandez@gmail.com,Chicago,IN,Home Office
126292,Ronald Cox,ronald.cox@hotmail.com,Nashville,US,Consumer
604254,Francisco Sanchez,fsanchez@icloud.com,Dallas,US,Consumer
10371,Kwame Nwosu,kwamenwosu@gmail.com,Boston,US,Corporate
1613694,Jason Howard,jason683@hotmail.com,Dallas,CA,Home Office
1444573,Aya Awad,aawad@outlook.com,San Jose,BR,Corporate
1273393,Zara Ndiaye,zara.ndiaye@gmail.com,Phoenix,DE,Consumer
47776,DeShawn Boateng,dboateng@protonmail.com,New York,US,Corporate
1575755,Cesar Perez,cperez@gmail.com,Fort Worth,UK,Home Office
61806,Ruben Alvarez,ralvarez@gmail.com,Fort Worth,IN,Consumer
518229,Kemi Sow,ksow@gmail.com,Jacksonville,UK,Consumer
980703,Mateo Cruz,mcruz@gmail.com,San Jose,IN,Corporate
1536767,Chloe Jones,chloe98@icloud.com,Fort Worth,US,Corporate
947328,Anil Reddy,anil60@yahoo.com,Portland,US,Consumer
1944923,Wolfgang Wolf,wolfgang.wol@gmail.com,Los Angeles,IN,Consumer
265347,Michelle Robinson,michelle_rob@yahoo.com,Denver,BR,Consumer
1437816,Nisha Bose,nisha.bose@outlook.com,Columbus,UK,Consumer
1845276,Markus Schwarz,markus.sch@gmail.com,Dallas,IN,Consumer
1938030,Alice Colombo,acolombo@outlook.com,San Antonio,CA,Home Office
733952,Salma Khoury,salma.khoury@icloud.com,Jacksonville,BR,Corporate
974893,Suresh Singh,ssingh@gmail.com,Columbus,DE,Corporate
1958973,Bilal Mansour,bilal_mansour@gmail.com,Austin,BR,Consumer
100799,Ethan Adams,ethan.ada@gmail.com,Phoenix,BR,Consumer
1231903,Lei Liang,lei702@outlook.com,Jacksonville,CA,Consumer
946744,Aishwarya Agarwal,aishwaryaagarwal@gmail.com,Denver,UK,Consumer
775920,Alessandro DeLuca,alessandro_deluca@outlook.com,Chicago,US,Corporate
1683548,Nancy Reed,nreed@gmail.com,Phoenix,UK,Corporate
791957,Rania Awad,rania263@yahoo.com,Nashville,DE,Consumer
896971,Veronica Aguilar,veronicaagu@icloud.com,Houston,BR,Consumer
680702,Richard Anderson,richardand@gmail.com,Austin,US,Consumer
1979809,Mei Liu,mliu@gmail.com,Boston,DE,Home Office
791810,Vidya Pillai,vidya72@gmail.com,Phoenix,US,Consumer
1380720,Aiden Cook,acook@gmail.com,Boston,BR,Corporate
237693,Andres Lopez,andreslopez@gmail.com,Portland,UK,Corporate
1931132,Olivia Johnson,ojohnson@gmail.com,Seattle,IN,Consumer
927943,Yaw Sane,yaw987@gmail.com,Philadelphia,DE,Consumer
1359273,Hao Gao,hao.gao@outlook.com,San Antonio,DE,Consumer
852496,Chloe Evans,cevans@gmail.com,Los Angeles,IN,Home Office
1343798,Andrew Turner,andrewturner@gmail.com,New York,US,Corporate
1095265,Diego Lopez,diego458@gmail.com,Portland,DE,Consumer
1740041,Owen Parker,owen_par@outlook.com,Phoenix,DE,Consumer
884023,Rebecca Carter,rcarter@icloud.com,New York,IN,Consumer
1792808,Yuya Tanaka,yuya344@gmail.com,Dallas,IN,Consumer
1688786,Rin Yamada,rin.yam@yahoo.com,Seattle,US,Home Office
790033,James Young,james.you@gmail.com,New York,DE,Consumer
482841,Thomas Ward,tward@gmail.com,Portland,IN,Consumer
1715630,Marisol Sanchez,marisolsan@gmail.com,Nashville,US,Consumer
391046,Manuel Rogers,manuel_rog@gmail.com,San Diego,UK,Corporate
1237840,Ji-ho Kim,jiho_kim@icloud.com,Denver,DE,Consumer
1153619,Ousmane Mensah,ousmanemen@protonmail.com,San Antonio,US,Consumer
1945165,Lea Martin,leamar@outlook.com,Phoenix,IN,Consumer
1668226,Camila Rivera,crivera@gmail.com,Jacksonville,US,Consumer
1705322,Kemi Adeyemi,kemiade@gmail.com,San Diego,UK,Consumer
302716,Sophia Anderson,sophiaand@gmail.com,San Antonio,IN,Home Office
146609,Faisal Awad,fawad@gmail.com,San Antonio,CA,Consumer
1190468,Claire Garcia,claire.garcia@gmail.com,New York,UK,Corporate
1027139,Liam Wright,liam108@gmail.com,Phoenix,CA,Consumer
798910,Carlos Garcia,carlosgarcia@hotmail.com,Boston,US,Consumer
992136,Kimberly Williams,kimberly.williams@gmail.com,Fort Worth,UK,Consumer
1798174,Samira Rahman,srahman@icloud.com,Chicago,UK,Corporate
1231847,Farah Saleh,fsaleh@outlook.com,New York,IN,Consumer
1283824,Chloe Martin,chloe531@gmail.com,Seattle,US,Corporate
977639,Aaliyah Okafor,aaliyah_okafor@gmail.com,Dallas,UK,Consumer
948581,Greta Ferrari,gferrari@yahoo.com,New York,DE,Corporate
1208146,Sarah Bell,sbell@gmail.com,Fort Worth,IN,Consumer
1296803,Jeffrey Harris,jeffrey_harris@gmail.com,Charlotte,IN,Consumer
1631818,Ethan Stewart,ethan.stewart@gmail.com,Philadelphia,UK,Consumer
1636635,Florian Walker,florian741@gmail.com,San Diego,IN,Corporate
1698100,Carol Davis,carol_dav@icloud.com,Fort Worth,CA,Consumer
81365,Susan Jones,susanjon@gmail.com,Austin,CA,Corporate
1156455,Emily Jones,emily.jones@gmail.com,Nashville,US,Consumer
1110905,Ines Ramirez,ines688@gmail.com,Jacksonville,US,Corporate
1022233,Carlos Ortiz,carlos201@icloud.com,San Diego,DE,Consumer
493400,Hannah Howard,hannah.how@gmail.com,San Diego,US,Consumer
98620,Sebastian Jimenez,sebastian_jimenez@gmail.com,Fort Worth,US,Home Office
1119314,Antonio Torres,antonio98@gmail.com,Fort Worth,DE,Consumer
1331914,Michelle Martin,michelle784@gmail.com,Dallas,US,Consumer
163581,Anthony Roberts,anthonyrob@gmail.com,Charlotte,IN,Consumer
1567365,William Guo,williamguo@gmail.com,Nashville,IN,Corporate
319292,Antonio Reyes,antonio655@yahoo.com,New York,DE,Consumer
140452,Veronica Perez,veronica.per@icloud.com,San Antonio,DE,Consumer
64485,Caleb Phillips,calebphillips@yahoo.com,Philadelphia,DE,Home Office
1899958,Florian Fischer,florianfischer@outlook.com,Dallas,US,Consumer
1252996,Abena Okafor,abena.okafor@yahoo.com,Seattle,US,Consumer
986888,Isabella Alvarez,isabellaalvarez@yahoo.com,New York,CA,Consumer
926779,Margaux Durand,margauxdurand@gmail.com,Austin,UK,Consumer
1553426,Elizabeth Smith,elizabeth.smith@hotmail.com,San Antonio,IN,Corporate
600280,Rin Ito,rin_ito@protonmail.com,Charlotte,DE,Consumer
1215162,Abigail Miller,amiller@icloud.com,Phoenix,CA,Consumer
376021,Hana Khalil,hanakhalil@outlook.com,Austin,UK,Consumer
356845,Grace White,gwhite@outlook.com,Columbus,UK,Consumer
451947,Chloe Keita,chloe675@outlook.com,Denver,DE,Home Office
336942,Fang Cao,fangcao@yahoo.com,Columbus,US,Corporate
1494693,Lakshmi Rao,lakshmi249@gmail.com,Austin,IN,Corporate
1008778,Faisal Najjar,faisal_najjar@outlook.com,Dallas,IN,Consumer
1704902,Dinesh Banerjee,dinesh.ban@icloud.com,Boston,US,Corporate
1173736,Grace Thompson,grace.tho@icloud.com,Jacksonville,US,Consumer
461889,Diego Aguilar,daguilar@gmail.com,Philadelphia,IN,Consumer
695701,Ethan Harris,eharris@gmail.com,Denver,IN,Home Office
536859,Chiara Rossi,chiara.ros@gmail.com,New York,UK,Consumer
657041,Ashley Morris,ashley718@gmail.com,San Jose,US,Consumer
1133388,Liam Green,liam_green@protonmail.com,Denver,US,Consumer
1070471,Folake Asante,folakeasa@outlook.com,Portland,BR,Corporate
1686170,Yong Xu,yxu@icloud.com,Jacksonville,UK,Home Office
1322103,Rebecca Green,rebecca.green@yahoo.com,Austin,UK,Corporate
572259,Ashley Reed,ashley_ree@gmail.com,Dallas,UK,Home Office
673641,Kemi Sane,kemi.san@outlook.com,Columbus,UK,Consumer
1331504,Ingrid Klein,ingrid242@hotmail.com,Jacksonville,DE,Consumer
1041364,Manoj Nair,manoj72@gmail.com,Phoenix,BR,Corporate
897155,Pranav Kapoor,pkapoor@protonmail.com,Phoenix,US,Corporate
840723,Rohan Rao,rrao@gmail.com,Austin,US,Corporate
1240084,Sunita Shah,sunita353@yahoo.com,San Antonio,US,Corporate
1289013,Pilar Moreno,pilar.moreno@gmail.com,San Antonio,IN,Corporate
1345008,Pablo Herrera,pablo775@outlook.com,Austin,IN,Home Office
226805,Barbara Bailey,barbara.bai@hotmail.com,Nashville,DE,Consumer
1419227,Camila Jimenez,camila644@outlook.com,Phoenix,UK,Consumer
977391,Ashok Menon,ashok.men@outlook.com,Phoenix,US,Consumer
182416,Lan Sun,lsun@outlook.com,Portland,DE,Consumer
1996295,Pallavi Desai,pallavi633@gmail.com,Phoenix,UK,Consumer
1050793,Ginevra Rizzo,grizzo@icloud.com,Denver,DE,Consumer
147733,Sanjay Chatterjee,sanjay32@gmail.com,Columbus,BR,Corporate
109685,Lisa Davis,lisadav@outlook.com,San Diego,IN,Consumer
255616,Akosua Cisse,akosua231@icloud.com,Dallas,US,Home Office
437581,Rekha Rao,rrao@gmail.com,Seattle,IN,Corporate
1071058,Simone Diallo,simone.dia@gmail.com,Charlotte,BR,Corporate
1687701,Yong Liang,yong749@outlook.com,Columbus,BR,Home Office
1044421,Emma Girard,egirard@yahoo.com,Philadelphia,UK,Consumer
102378,Carmen Sanchez,csanchez@icloud.com,Fort Worth,CA,Consumer
16588,Wei Liang,wei_liang@gmail.com,Jacksonville,CA,Consumer
1065954,Ayumi Nakamura,anakamura@outlook.com,Seattle,CA,Consumer
491719,Folake Okafor,folakeokafor@yahoo.com,Phoenix,DE,Consumer
1843999,Omar Said,omar_sai@outlook.com,Portland,DE,Home Office
1606325,Sekou Toure,sekou_toure@gmail.com,Boston,IN,Home Office
1425957,Fang Xu,fxu@icloud.com,Phoenix,US,Consumer
85141,Malik Adeyemi,malik_adeyemi@outlook.com,Austin,UK,Consumer
1027163,Sandra Cook,sandra736@outlook.com,Nashville,BR,Corporate
1858809,Yuya Nakamura,yuyanak@gmail.com,Fort Worth,IN,Consumer
1425614,Jessica Stewart,jessica39@gmail.com,Jacksonville,US,Home Office
922999,Ye-jin Ahn,yejin_ahn@gmail.com,San Antonio,US,Corporate
326902,Jonas Klein,jklein@outlook.com,San Diego,UK,Corporate
313288,Ji-hoon Lee,jihoon997@yahoo.com,San Jose,US,Consumer
1229041,Meera Bhat,mbhat@protonmail.com,Chicago,UK,Consumer
1579990,James Campbell,jcampbell@gmail.com,Charlotte,US,Corporate
1849933,Thomas Bailey,thomas112@yahoo.com,Jacksonville,CA,Corporate
1198822,Aarti Bailey,aartibailey@gmail.com,San Antonio,UK,Corporate
1010205,Paul Rogers,paul.rogers@icloud.com,San Antonio,US,Corporate
1715506,Michelle Morgan,michelle.mor@icloud.com,San Jose,DE,Consumer
585198,Valentina Ruiz,valentina492@yahoo.com,Portland,IN,Corporate
140879,Francesca Romano,francesca.romano@yahoo.com,San Diego,US,Consumer
379025,Laura Jung,ljung@yahoo.com,Charlotte,US,Home Office
451592,Christopher Young,christopheryoung@outlook.com,Portland,IN,Consumer
1340986,Pooja Patel,pooja779@yahoo.com,Portland,DE,Consumer
1999673,Michelle Rogers,michelle156@outlook.com,Portland,IN,Corporate
719376,Arjun Hegde,arjun84@protonmail.com,Philadelphia,UK,Consumer
1991754,Sneha Reddy,sneha_red@icloud.com,San Diego,UK,Home Office
646704,Santiago Reyes,santiagorey@gmail.com,Portland,BR,Corporate
1858333,Nikhil Desai,nikhil.des@gmail.com,Portland,US,Consumer
1608434,Bin Chen,binche@yahoo.com,Philadelphia,DE,Consumer
1743018,Santiago Medina,santiagomedina@icloud.com,Dallas,CA,Home Office
1904083,Lucia Reyes,lucia.reyes@yahoo.com,Dallas,BR,Corporate
1848650,Mariana Diaz,marianadia@gmail.com,Los Angeles,CA,Consumer
1747240,Arjun Mehta,arjun.meh@gmail.com,Fort Worth,CA,Home Office
1301860,Paolo Ferrari,paolo855@outlook.com,Chicago,DE,Consumer
25435,Seo-jun Cho,seojuncho@gmail.com,Los Angeles,UK,Corporate
26123,Caleb Allen,caleb892@gmail.com,Jacksonville,US,Corporate
1603895,Ji-woo Seo,jiwooseo@outlook.com,Jacksonville,UK,Home Office
1027353,Lakshmi Desai,ldesai@gmail.com,Seattle,IN,Consumer
1951303,Ibrahim Karim,ibrahim_kar@gmail.com,Portland,UK,Corporate
669539,Huda Karim,huda_kar@icloud.com,San Jose,US,Consumer
103188,Daniel Richter,daniel.richter@gmail.com,Philadelphia,US,Home Office
1395130,Lucas Stewart,lucas532@protonmail.com,Boston,US,Home Office
353352,Donna Ward,donna.war@gmail.com,San Jose,US,Home Office
790807,Sabine Zimmermann,sabine.zim@gmail.com,Houston,US,Consumer
22760,Amelia Wright,ameliawright@gmail.com,Fort Worth,US,Consumer
1221621,Feng Wang,feng392@outlook.com,Denver,US,Consumer
747091,Greta Esposito,greta837@outlook.com,Columbus,IN,Consumer
124,Darius Sow,darius.sow@outlook.com,Columbus,UK,Consumer
1481809,Veronica Perez,vperez@hotmail.com,Columbus,US,Consumer
519280,Nisha Banerjee,nisha_ban@outlook.com,Seattle,US,Consumer
960140,Marco Colombo,marco.col@gmail.com,Jacksonville,UK,Home Office
602386,Nao Sasaki,nao345@icloud.com,Denver,IN,Consumer
322724,Kimberly Young,kimberly_you@icloud.com,Fort Worth,US,Home Office
1576384,Meera Malhotra,meera.mal@gmail.com,San Jose,IN,Home Office
1099931,Patricia Gutierrez,patricia.gutierrez@gmail.com,Nashville,DE,Home Office
756757,Gabriela Lopez,gabrielalopez@gmail.com,Fort Worth,US,Corporate
659285,Riccardo Ricci,rricci@gmail.com,New York,DE,Corporate
1305360,Gaurav Das,gaurav873@gmail.com,Philadelphia,UK,Consumer
1701501,Rajesh Iyer,rajesh.iye@protonmail.com,Austin,DE,Consumer
1516668,Elijah Mitchell,elijahmitchell@protonmail.com,Portland,UK,Home Office
1631011,Vikram Mehta,vikrammeh@gmail.com,Austin,DE,Home Office
769074,Andrea Moretti,amoretti@outlook.com,Houston,BR,Corporate
612591,Neha Pillai,neha_pillai@gmail.com,Philadelphia,UK,Consumer
1747943,Patricia Flores,patriciaflores@icloud.com,Charlotte,CA,Consumer
377449,Ashley Simon,ashleysim@gmail.com,Columbus,US,Consumer
1492543,Gabriel Petit,gabriel.petit@icloud.com,San Diego,US,Home Office
1227284,John Phillips,john_phi@hotmail.com,Seattle,IN,Home Office
716487,Lin Xie,lxie@gmail.com,Jacksonville,DE,Consumer
442802,Joseph Mitchell,joseph.mitchell@yahoo.com,Houston,US,Corporate
263804,Jennifer Robinson,jrobinson@gmail.com,Phoenix,UK,Consumer
1274519,Jessica Thomas,jessica227@yahoo.com,Chicago,US,Corporate
210610,Dinesh Kumar,dinesh950@protonmail.com,Boston,UK,Home Office
1444745,So-yeon Yoon,soyeonyoo@outlook.com,Jacksonville,DE,Home Office
1376280,Jing Zheng,jing.zheng@icloud.com,Chicago,US,Home Office
569936,Hamza Yousef,hamza.you@gmail.com,Nashville,US,Consumer
224332,Ava Wilson,avawil@gmail.com,San Jose,UK,Consumer
525476,Folake Okafor,folake63@gmail.com,San Antonio,US,Consumer
1479984,Shu Li,shu_li@icloud.com,Portland,US,Consumer
189948,Qing Sun,qing476@yahoo.com,Dallas,US,Consumer
71081,Andreas Bauer,andreasbau@outlook.com,Boston,IN,Consumer
318901,Kiran Sharma,kiran138@gmail.com,Charlotte,BR,Corporate
1149540,Yan Gao,ygao@gmail.com,New York,CA,Home Office
1641800,Jack Johnson,jjohnson@outlook.com,Jacksonville,CA,Corporate
970057,Swati Bhat,swatibhat@hotmail.com,Austin,DE,Consumer
1440122,Darius Mensah,darius_mensah@outlook.com,Seattle,DE,Consumer
564960,Mark Jones,mark.jones@gmail.com,Fort Worth,US,Corporate
638609,Hannah Ricci,hannah390@icloud.com,Columbus,US,Corporate
1143052,Diego Garcia,diego955@icloud.com,Denver,BR,Corporate
1323,Andrew Robinson,andrewrobinson@gmail.com,Fort Worth,DE,Corporate
1105768,Hyun-woo Song,hyunwoo336@outlook.com,Nashville,IN,Consumer
923036,Ousmane Eze,ousmane.eze@yahoo.com,Columbus,UK,Consumer
1650171,Lea Andre,leaandre@gmail.com,Austin,US,Consumer
199313,Ritu Sharma,ritu.sha@protonmail.com,Dallas,DE,Consumer
351876,Lei Zhou,lei.zho@protonmail.com,Columbus,CA,Home Office
314499,Leila Ali,leila_ali@yahoo.com,Portland,UK,Consumer
756977,Claire Morel,cmorel@gmail.com,Los Angeles,DE,Consumer
463513,Stephanie Smith,stephanie_smith@yahoo.com,Los Angeles,BR,Consumer
539342,Veronica Ramirez,veronica.ramirez@gmail.com,Los Angeles,BR,Home Office
1504560,Olivia Cooper,olivia.cooper@protonmail.com,Fort Worth,IN,Consumer
1347523,Zahra Hassan,zahra.hassan@protonmail.com,Denver,UK,Corporate
866382,Jessica Davis,jessicadav@gmail.com,Jacksonville,DE,Consumer
1474822,James Mitchell,james613@gmail.com,Boston,IN,Consumer
277346,Santiago Ortiz,santiagoortiz@yahoo.com,New York,BR,Corporate
695012,Jabari Okeke,jabari.oke@outlook.com,Chicago,IN,Consumer
280452,Min-jun Park,minjun690@yahoo.com,Dallas,CA,Consumer
371953,Nia Sane,nia.san@yahoo.com,San Diego,BR,Consumer
1772902,Emma Scott,emma.sco@gmail.com,Nashville,US,Corporate
1832356,Liam Bell,liam_bell@outlook.com,Denver,DE,Corporate
255567,Eduardo Martinez,eduardo307@gmail.com,Los Angeles,US,Consumer
756027,Ricardo Aguilar,ricardo166@outlook.com,Chicago,US,Consumer
1539671,Ibrahim Hassan,ibrahim.has@gmail.com,Jacksonville,BR,Consumer
1167857,Chae-won Hwang,chaewon.hwang@hotmail.com,Philadelphia,US,Consumer
484867,Betty Hall,betty.hal@gmail.com,San Jose,UK,Home Office
1744719,Laurent Morel,laurent.morel@gmail.com,Denver,US,Consumer
1604462,Mary Jackson,mary974@outlook.com,Dallas,BR,Consumer
780171,Fang Li,fli@gmail.com,Phoenix,BR,Corporate
1924261,Eduardo Lopez,eduardolopez@gmail.com,Philadelphia,UK,Consumer
1550662,Noah Rogers,noahrog@gmail.com,Boston,BR,Consumer
524738,Jennifer Martin,jennifermar@gmail.com,Houston,UK,Consumer
1290362,Priya Reddy,priya.red@protonmail.com,Philadelphia,UK,Consumer
696966,Pedro Flores,pedro.flores@outlook.com,Austin,UK,Consumer
892016,Patricia Torres,patricia.torres@icloud.com,Seattle,UK,Corporate
1855803,Radha Rao,radha.rao@protonmail.com,Austin,US,Corporate
1139569,Caleb Miller,caleb.mil@outlook.com,Columbus,IN,Consumer
739069,Hassan Mansour,hassan.man@yahoo.com,Charlotte,BR,Consumer
364156,Rajesh Shah,rajeshsha@protonmail.com,Boston,US,Corporate
1288953,Tobias Zimmermann,tobias134@gmail.com,San Diego,BR,Corporate
1805514,Teresa Ramirez,teresa.ramirez@hotmail.com,Houston,DE,Consumer
1740556,Patricia Mendoza,patricia74@gmail.com,Nashville,UK,Corporate
140509,Lucia Ortiz,lucia.ortiz@hotmail.com,San Antonio,BR,Consumer
1239419,Ronald Smith,ronald.smi@gmail.com,Dallas,DE,Corporate
94383,Elizabeth Turner,elizabeth.tur@hotmail.com,San Jose,UK,Consumer
323093,Lisa Gupta,lisa455@outlook.com,San Diego,DE,Home Office
797480,Sarah Carter,sarah179@outlook.com,Austin,IN,Consumer
824921,Alejandra Castillo,alejandra755@icloud.com,Phoenix,US,Consumer
195251,Christopher Wright,christopherwright@gmail.com,San Jose,US,Consumer
1282160,Pranav Gupta,pranav364@gmail.com,Philadelphia,UK,Home Office
1249680,Jack Bell,jack.bell@outlook.com,Houston,US,Corporate
1809170,Dorothy Murphy,dmurphy@gmail.com,Philadelphia,IN,Consumer
1499571,Neha Reddy,neha_reddy@gmail.com,Houston,US,Corporate
38826,Swati Banerjee,swatiban@outlook.com,Philadelphia,CA,Consumer
1433140,Patricia Ward,patricia370@protonmail.com,Houston,US,Consumer
1484120,Maximilian Neumann,mneumann@hotmail.com,Nashville,CA,Corporate
135509,Farah Awad,farah436@outlook.com,Nashville,US,Consumer
764124,Betty Baker,betty_bak@gmail.com,San Jose,IN,Consumer
1488024,Catalina Ruiz,catalinarui@outlook.com,Portland,DE,Corporate
361284,Li Sun,li.sun@gmail.com,Philadelphia,US,Corporate
189617,Elena Mendoza,emendoza@yahoo.com,Dallas,US,Home Office
308575,Amanda Cooper,acooper@gmail.com,Phoenix,UK,Corporate
390003,Grace Parker,gparker@icloud.com,Portland,UK,Consumer
60661,Rosa Reyes,rosa549@gmail.com,Jacksonville,DE,Home Office
1657899,Ava Collins,avacol@outlook.com,Houston,CA,Consumer
1354887,Harper Williams,harper355@yahoo.com,Fort Worth,IN,Corporate
1960674,Ricardo Gutierrez,ricardogutierrez@gmail.com,Phoenix,US,Home Office
1049145,Chloe Scott,chloe.scott@gmail.com,Fort Worth,DE,Corporate
1758548,Manuel Jimenez,mjimenez@gmail.com,Phoenix,US,Consumer
59191,Noah Miller,nmiller@yahoo.com,San Antonio,IN,Consumer
170883,Yasmin Khalil,yasmin.kha@outlook.com,Fort Worth,IN,Consumer
57742,Imani Boateng,iboateng@protonmail.com,New York,UK,Corporate
1920492,Abigail Nelson,anelson@gmail.com,Fort Worth,US,Corporate
1667541,Andres Ramos,andresram@gmail.com,San Jose,IN,Home Office
1784291,Mateo Ramirez,mateo709@gmail.com,Philadelphia,US,Corporate
1830970,Michael Wilson,michaelwil@gmail.com,Philadelphia,UK,Consumer
936097,Davide Colombo,dcolombo@icloud.com,Dallas,US,Consumer
1402966,Olivia Evans,olivia701@gmail.com,Philadelphia,CA,Consumer
56551,George Cox,gcox@gmail.com,Columbus,DE,Corporate
1125535,Veronica Ramirez,veronica_ram@hotmail.com,Houston,IN,Corporate
1659850,Gaurav Agarwal,gagarwal@hotmail.com,Houston,US,Consumer
1110714,Ricardo Diaz,ricardo.dia@outlook.com,Portland,CA,Consumer
1819306,Aaliyah Toure,aaliyah.tou@outlook.com,Phoenix,BR,Consumer
1257315,Betty Hall,betty.hall@protonmail.com,San Antonio,UK,Corporate
1073430,Isabelle Simon,isabellesimon@yahoo.com,Columbus,US,Consumer
111748,Luis Ramos,luisramos@gmail.com,San Antonio,IN,Consumer
1836826,Fang Luo,fangluo@hotmail.com,Houston,DE,Home Office
354231,Jeffrey Mitchell,jeffrey.mit@gmail.com,San Antonio,US,Consumer
1169949,Gaurav Patel,gaurav.patel@gmail.com,Dallas,US,Home Office
848828,Amira Farah,amira.farah@icloud.com,Dallas,US,Consumer
493431,Ashley Phillips,aphillips@gmail.com,Portland,UK,Consumer
1515350,Alice Andre,alice_and@gmail.com,Houston,US,Consumer
1535594,Robert Jackson,robert208@gmail.com,Charlotte,BR,Consumer
676766,Martina Rossi,mrossi@yahoo.com,Philadelphia,DE,Home Office
900418,Amanda Wilson,awilson@gmail.com,Charlotte,IN,Consumer
145563,Timothy Durand,timothydur@gmail.com,Chicago,UK,Home Office
607433,Lakshmi Malhotra,lakshmi902@gmail.com,Columbus,DE,Corporate
397267,Alejandra Aguilar,alejandra344@hotmail.com,Nashville,DE,Consumer
1795530,Caleb Mitchell,cmitchell@hotmail.com,Los Angeles,IN,Home Office
1353513,Tao Zheng,tao455@yahoo.com,Fort Worth,BR,Home Office
286609,Jennifer Bell,jennifer.bell@gmail.com,Chicago,US,Consumer
666895,Joseph Jackson,joseph_jackson@gmail.com,Portland,US,Corporate
525543,Emi Watanabe,emiwat@outlook.com,Austin,US,Home Office
129717,Adaeze Diallo,adaeze552@gmail.com,Dallas,UK,Home Office
1007974,Hui Yang,huiyan@outlook.com,San Diego,US,Corporate
1684738,Ruben Ortiz,rortiz@outlook.com,San Diego,DE,Corporate
1424217,Samira Karim,samira.kar@outlook.com,Charlotte,BR,Consumer
1781621,Yaw Okafor,yaw627@gmail.com,Phoenix,UK,Consumer
1170277,Daniel Evans,danieleva@outlook.com,Chicago,BR,Corporate
1209452,Jonas Hoffmann,jonashoffmann@outlook.com,Chicago,BR,Consumer
1606343,Deborah Brown,deborahbrown@yahoo.com,Chicago,UK,Corporate
1598033,Gabriele Colombo,gabriele.colombo@gmail.com,New York,IN,Home Office
210223,Chao Luo,chao523@gmail.com,Nashville,IN,Consumer
94618,Ashok Kapoor,akapoor@icloud.com,Seattle,US,Corporate
299472,Franziska Hoffmann,fhoffmann@gmail.com,Seattle,US,Consumer
385673,Brian Scott,bscott@gmail.com,Dallas,UK,Corporate
1545914,Andreas Hofmann,andreashofmann@gmail.com,New York,US,Corporate
1321833,Donald Baker,donald28@gmail.com,Charlotte,US,Consumer
1157880,Linda Turner,linda.turner@gmail.com,Phoenix,IN,Corporate
1792043,Karen Wilson,karenwilson@yahoo.com,Portland,DE,Consumer
1479681,Edward Smith,edward247@gmail.com,Nashville,CA,Home Office
1037842,Juan Hu,juanhu@gmail.com,San Jose,BR,Home Office
890785,Kojo Asante,kojo435@yahoo.com,Boston,IN,Consumer
1082198,Marisol Gonzalez,marisol589@gmail.com,Los Angeles,BR,Consumer
944160,Donna Richardson,drichardson@outlook.com,San Antonio,BR,Consumer
646547,Ronald Green,ronaldgreen@gmail.com,Charlotte,IN,Home Office
1605067,Pedro Hernandez,pedroher@outlook.com,Denver,CA,Home Office
1948305,Deborah Cook,deborah867@hotmail.com,Phoenix,US,Corporate
1312107,Elizabeth Cooper,elizabeth.cooper@icloud.com,San Antonio,US,Corporate
66101,John Young,john673@gmail.com,Austin,CA,Home Office
1540161,Liam Lewis,liam3@outlook.com,Nashville,BR,Corporate
1392918,Yasmin Awad,yasmin_awa@gmail.com,Nashville,DE,Consumer
1150107,Jeffrey Collins,jeffreycol@outlook.com,San Antonio,UK,Corporate
1974041,Laura Morgan,laura761@gmail.com,Boston,BR,Consumer
159317,Radha Chatterjee,radha116@gmail.com,Charlotte,BR,Consumer
920130,Jing Xie,jing.xie@gmail.com,Jacksonville,DE,Consumer
1429691,Raul Ortiz,raulortiz@gmail.com,San Diego,IN,Home Office
49080,Kavya Sharma,kavya.sharma@yahoo.com,Chicago,DE,Corporate
1422226,Veronica Morales,veronica.morales@outlook.com,Nashville,UK,Corporate
885586,Antonio Ortiz,antonio_ortiz@gmail.com,Chicago,US,Home Office
1143592,Matthew Smith,matthew_smi@gmail.com,Denver,US,Home Office
39992,Donald Ndiaye,dndiaye@gmail.com,New York,DE,Consumer
1940069,Francesco Conti,fconti@gmail.com,Austin,IN,Corporate
403952,Neha Hegde,neha.heg@outlook.com,Portland,US,Consumer
1916846,Manoj Nair,manoj967@outlook.com,San Jose,CA,Corporate
1128313,Da-eun Seo,dseo@gmail.com,Seattle,BR,Home Office
1669771,Santiago Flores,santiago.flo@gmail.com,San Jose,UK,Consumer
1148158,Edward Smith,edward.smi@gmail.com,Boston,DE,Home Office
1093068,Lucas Petit,lucas_petit@gmail.com,Phoenix,IN,Corporate
1783436,Shreya Gupta,sgupta@protonmail.com,Columbus,BR,Consumer
1165450,Jun Cao,jun726@yahoo.com,Jacksonville,DE,Corporate
1500279,Alejandra Alvarez,alejandraalvarez@outlook.com,Seattle,US,Home Office
1185268,Kojo Boateng,kojoboateng@gmail.com,Phoenix,US,Consumer
1561441,Nisha Patel,nisha.pat@outlook.com,Nashville,CA,Home Office
1349620,Jeffrey Green,jeffrey_gre@outlook.com,Houston,UK,Home Office
660812,Oliver Roberts,oliver863@gmail.com,Portland,DE,Consumer
294735,Ava Phillips,aphillips@yahoo.com,Dallas,IN,Corporate
1332774,Ines Morales,ines.mor@outlook.com,Philadelphia,DE,Consumer
1882868,Donna Baker,donnabak@gmail.com,Seattle,UK,Consumer
719202,Radha Rao,radha.rao@outlook.com,Charlotte,US,Consumer
9671,Dorothy Phillips,dorothyphillips@yahoo.com,Houston,DE,Consumer
1612480,Omar Saleh,omar141@gmail.com,Fort Worth,DE,Home Office
1264960,Aishwarya Das,adas@yahoo.com,Columbus,US,Consumer
204396,Ethan Wright,ethan.wri@gmail.com,San Antonio,UK,Home Office
1046924,Noah Jackson,noahjac@outlook.com,Chicago,US,Corporate
475520,Olivia Hall,ohall@protonmail.com,San Diego,UK,Corporate
1116117,Patricia Wright,patricia.wri@gmail.com,San Diego,US,Home Office
1428383,Sandra Cook,scook@icloud.com,Boston,UK,Corporate
1945562,Dinesh Menon,dineshmenon@gmail.com,San Jose,BR,Home Office
1434705,Oliver Young,oliver_you@gmail.com,Jacksonville,US,Home Office
1037579,Melissa Robinson,melissa_rob@gmail.com,San Antonio,US,Home Office
1656611,Alejandra Gomez,alejandra.gom@outlook.com,Houston,UK,Consumer
324785,Vijay Mukherjee,vijay855@yahoo.com,Portland,BR,Consumer
1117429,Abena Kone,abena921@gmail.com,Austin,US,Home Office
1528516,Hao Tang,hao.tang@gmail.com,Houston,US,Home Office
180079,Sharon Thomas,sthomas@outlook.com,Phoenix,US,Corporate
56362,John Davis,jdavis@gmail.com,New York,UK,Corporate
110910,Gabriela Vasquez,gabriela_vasquez@gmail.com,Denver,US,Consumer
213659,Jason Adams,jasonadams@outlook.com,San Diego,US,Consumer
1326871,David Davis,daviddav@hotmail.com,Dallas,US,Consumer
295030,Dina Awad,dawad@gmail.com,Charlotte,UK,Home Office
1687333,Marlene Braun,mbraun@outlook.com,Dallas,UK,Corporate
1236497,Carlos Ramos,carlos.ram@gmail.com,San Antonio,US,Consumer
399366,Lina Yousef,lyousef@yahoo.com,San Antonio,BR,Consumer
1492371,Deepak Jackson,deepak.jackson@outlook.com,Philadelphia,US,Consumer
1012756,Amelia Bell,amelia.bell@yahoo.com,Austin,IN,Corporate
1258905,Liam Bell,lbell@gmail.com,Jacksonville,DE,Consumer
50806,Francisco Martinez,francisco545@yahoo.com,Houston,UK,Corporate
30047,Katharina Becker,katharina_becker@gmail.com,New York,UK,Consumer
1025376,Omar Aziz,oaziz@gmail.com,New York,BR,Home Office
549652,Cheng Zhang,cheng.zhang@outlook.com,San Jose,IN,Consumer
1139558,Lucas Rogers,lrogers@outlook.com,Phoenix,US,Consumer
1912491,Sarah Thompson,sarah.thompson@gmail.com,Phoenix,US,Home Office
1976256,Ines Vasquez,ivasquez@yahoo.com,Boston,US,Consumer
168486,Deepa Verma,dverma@protonmail.com,Columbus,CA,Corporate
732714,Kai Dubois,kai_dubois@gmail.com,San Jose,IN,Home Office
62732,Pilar Sanchez,pilar_sanchez@gmail.com,Houston,IN,Consumer
415326,Elijah Carter,elijah.car@outlook.com,Phoenix,US,Corporate
1850419,Noah Young,noahyou@outlook.com,Charlotte,US,Home Office
1382477,Kimberly Smith,kimberly613@protonmail.com,Jacksonville,CA,Corporate
1643216,Jennifer Baker,jbaker@outlook.com,Portland,UK,Consumer
545163,Charles White,charleswhi@hotmail.com,Denver,US,Corporate
1491309,Mateo Sanchez,msanchez@hotmail.com,Philadelphia,UK,Consumer
376967,Petra Meyer,petrameyer@outlook.com,Chicago,US,Home Office
459947,Zainab Okeke,zokeke@gmail.com,New York,US,Home Office
1322881,Zainab Okafor,zokafor@gmail.com,Seattle,DE,Corporate
59820,Michael Campbell,michael.cam@gmail.com,Charlotte,IN,Consumer
1030439,Lucas Jackson,lucasjackson@icloud.com,Denver,US,Consumer
1895748,Lucas Mitchell,lucas695@gmail.com,Portland,IN,Consumer
939748,Michael Lewis,michael720@protonmail.com,Jacksonville,US,Consumer
1111646,Giulia Lombardi,giulia516@outlook.com,Seattle,BR,Consumer
471845,Ronald Collins,ronald368@outlook.com,Denver,UK,Corporate
899212,Alejandra Alvarez,aalvarez@yahoo.com,Nashville,IN,Consumer
319815,Smita Reddy,smita953@outlook.com,Dallas,IN,Corporate
164808,Jeffrey Gomez,jeffrey.gom@gmail.com,Jacksonville,CA,Corporate
1312940,John Bailey,johnbai@outlook.com,Philadelphia,CA,Corporate
646108,Lena Neumann,lena368@protonmail.com,San Antonio,DE,Home Office
969177,Andres Torres,andres.tor@gmail.com,Seattle,US,Consumer
1036321,Mary Martin,mmartin@hotmail.com,Charlotte,IN,Corporate
1865547,Meera Kumar,meera.kumar@protonmail.com,Jacksonville,UK,Home Office
185808,DeShawn Asante,dasante@yahoo.com,Nashville,BR,Consumer
1215895,Robert Howard,rhoward@yahoo.com,San Jose,BR,Corporate
1596653,Mateo Aguilar,mateo435@gmail.com,Denver,DE,Corporate
904941,Oscar Ramirez,oramirez@gmail.com,Houston,DE,Corporate
242182,Ingrid Klein,ingrid.klein@gmail.com,Nashville,IN,Corporate
1411582,Ousmane Okeke,ousmaneoke@outlook.com,San Jose,IN,Home Office
1377392,Ritu Kumar,rkumar@gmail.com,Seattle,UK,Consumer
852706,Sandra Young,sandrayoung@yahoo.com,Los Angeles,US,Home Office
1011007,Carlos Garcia,carlos_gar@protonmail.com,Los Angeles,BR,Consumer
1690251,Aminata Adeyemi,aminata.adeyemi@gmail.com,San Antonio,UK,Consumer
1639969,Evelyn Walker,evelyn.wal@protonmail.com,Nashville,US,Consumer
361822,Anil Kapoor,anil569@protonmail.com,Philadelphia,US,Consumer
983193,Marlene Jung,marlene597@gmail.com,Portland,BR,Consumer
644680,Sarah White,sarah178@gmail.com,Columbus,US,Consumer
163725,Matthias Jung,matthias_jung@gmail.com,Philadelphia,US,Consumer
1650845,Carmen Morales,cmorales@outlook.com,Nashville,DE,Corporate
1373400,Aurelie Rogers,aurelie932@hotmail.com,San Diego,DE,Consumer
1146332,Bin Chen,bchen@gmail.com,Portland,US,Consumer
1906942,Lisa Hall,lisa.hall@gmail.com,Phoenix,US,Corporate
1805330,Rohan Malhotra,rohan_mal@gmail.com,New York,US,Corporate
1782294,Miguel Vasquez,miguelvasquez@yahoo.com,Houston,UK,Consumer
1969856,Juana Rivera,juana_rivera@gmail.com,San Antonio,CA,Consumer
366135,Aditya Rao,aditya942@protonmail.com,Columbus,DE,Corporate
161408,Charlotte Anderson,canderson@gmail.com,Seattle,CA,Home Office
1142751,Dorothy Morgan,dorothy723@gmail.com,Denver,DE,Home Office
1876769,Wolfgang Meyer,wolfgang888@protonmail.com,Houston,DE,Home Office
784809,David Stewart,dstewart@gmail.com,Seattle,IN,Consumer
1210114,Kiran Shah,kshah@gmail.com,Philadelphia,IN,Consumer
792986,Melissa Bell,melissa.bel@outlook.com,San Jose,US,Consumer
1809228,Carol Anderson,carol.anderson@gmail.com,Seattle,UK,Consumer
12314,Cesar Herrera,cherrera@gmail.com,Houston,CA,Consumer
1919613,Betty Edwards,betty.edwards@outlook.com,Phoenix,UK,Corporate
212146,Maryam Najjar,maryam534@outlook.com,Fort Worth,DE,Home Office
39450,Richard Campbell,richard.cam@outlook.com,Fort Worth,DE,Consumer
1584729,Patricia Okonkwo,patricia.okonkwo@outlook.com,Nashville,UK,Corporate
594659,Hana Mansour,hanaman@icloud.com,Seattle,CA,Corporate
232790,Amadou Asante,aasante@hotmail.com,Denver,US,Consumer
1576630,Takumi Yoshida,takumi843@gmail.com,San Antonio,US,Consumer
364959,Samir Nasser,samirnasser@gmail.com,Boston,US,Consumer
146711,Nisha Kapoor,nkapoor@outlook.com,Dallas,CA,Consumer
903003,Kenji Hayashi,kenjihay@protonmail.com,Austin,BR,Home Office
801572,Harper Williams,harper218@outlook.com,San Antonio,US,Corporate
165185,Mathieu Durand,mdurand@gmail.com,San Antonio,US,Consumer
383571,Laura White,lwhite@outlook.com,Jacksonville,BR,Corporate
251534,Pablo Ruiz,pablo542@protonmail.com,San Jose,UK,Consumer
423633,Sebastian Perez,sperez@gmail.com,Chicago,US,Consumer
1550195,Alessandro Gallo,alessandro417@outlook.com,Phoenix,US,Consumer
509194,Sunita Bhat,sbhat@gmail.com,Phoenix,US,Consumer
707759,Zahra Ibrahim,zahra325@gmail.com,Denver,US,Corporate
1328053,Sofia Hernandez,sofia.hernandez@outlook.com,Boston,DE,Consumer
43569,Claudia Becker,claudia.bec@outlook.com,Denver,US,Home Office
1103673,Lei Wang,lwang@gmail.com,Boston,US,Consumer
693502,Mei Lin,mlin@gmail.com,Jacksonville,US,Consumer
1471691,Carol Edwards,carol.edwards@gmail.com,Fort Worth,DE,Corporate
748398,Manuel Ramos,mramos@gmail.com,Boston,BR,Consumer
670832,DeShawn Ndiaye,deshawn.ndi@gmail.com,Phoenix,IN,Corporate
722401,Folake Toure,folake.toure@protonmail.com,Portland,UK,Consumer
1126850,Arjun Das,arjun983@outlook.com,Charlotte,IN,Corporate
1180085,Rania Ahmed,rania.ahm@gmail.com,Portland,BR,Consumer
270497,Emma Turner,emma376@protonmail.com,Dallas,US,Consumer
766435,Deborah Phillips,deborahphillips@yahoo.com,Los Angeles,UK,Consumer
253826,Tunde Okonkwo,tunde776@gmail.com,Denver,DE,Consumer
130156,Melissa Thompson,melissa.thompson@yahoo.com,Nashville,CA,Consumer
226746,Tao Han,tao686@gmail.com,Boston,CA,Consumer
312454,Tyrone Camara,tcamara@gmail.com,Charlotte,BR,Consumer
1287003,Anita Kapoor,akapoor@yahoo.com,Chicago,IN,Corporate
1965757,Sophia Adams,sadams@gmail.com,Nashville,UK,Home Office
76432,Emeka Asante,emekaasa@gmail.com,Fort Worth,DE,Home Office
270166,Linda Nelson,lindanelson@gmail.com,Columbus,UK,Corporate
1515883,Amadou Diallo,amadoudiallo@outlook.com,Fort Worth,DE,Consumer
1838080,Olivia Phillips,olivia.phi@protonmail.com,San Diego,US,Corporate
1692604,Patricia Gutierrez,patricia.gut@protonmail.com,Houston,BR,Consumer
1958665,Ahmed Ali,ahmedali@gmail.com,Los Angeles,US,Consumer
1558852,Theo Mercier,theo_mercier@yahoo.com,Los Angeles,IN,Corporate
1518015,Hyun-woo Yoon,hyunwoo347@gmail.com,San Diego,CA,Corporate
629713,Jade Garcia,jadegarcia@gmail.com,Denver,IN,Corporate
1398675,Brian Cox,briancox@hotmail.com,Philadelphia,UK,Corporate
1121485,Ananya Das,ananyadas@gmail.com,Columbus,UK,Consumer
1232527,Jessica Davis,jessica114@gmail.com,San Antonio,US,Consumer
319043,Varun Kapoor,varun_kap@gmail.com,San Jose,CA,Corporate
1968052,Sharon Miller,sharon_mil@gmail.com,Dallas,CA,Consumer
1577439,Tobias Wolf,tobias.wolf@gmail.com,Houston,US,Consumer
370462,Margaret Miller,margaret273@gmail.com,San Jose,IN,Corporate
1915188,Anthony Miller,anthonymiller@protonmail.com,Austin,CA,Corporate
138919,Michael Young,michael857@protonmail.com,Dallas,UK,Consumer
363984,Jason Evans,jason.eva@gmail.com,Denver,US,Corporate
1131657,Amit Matsumoto,amit511@protonmail.com,New York,CA,Consumer
1743477,Lucas Richardson,lucas305@outlook.com,Jacksonville,IN,Home Office
1289792,Anna Neumann,anna908@gmail.com,San Jose,UK,Home Office
840319,Shreya Iyer,shreya567@yahoo.com,Charlotte,UK,Corporate
295945,Markus Braun,mbraun@outlook.com,Columbus,BR,Corporate
680893,John Reed,johnreed@outlook.com,Columbus,IN,Consumer
1411219,Ahmed Karim,ahmed.kar@icloud.com,Columbus,BR,Consumer
66676,Yan Liu,yanliu@gmail.com,Charlotte,CA,Corporate
1000741,Lucas Petit,lucas526@outlook.com,Dallas,BR,Consumer
942993,Lina Hamdan,lina.hamdan@gmail.com,Philadelphia,US,Consumer
922435,Ramesh Hegde,ramesh671@yahoo.com,Nashville,DE,Consumer
1984088,Katharina Lange,katharina176@gmail.com,San Antonio,CA,Corporate
328395,Chloe Campbell,chloe.campbell@gmail.com,San Jose,UK,Corporate
525392,Robert Edwards,robertedwards@hotmail.com,San Jose,US,Home Office
1165742,Paul Cruz,paul.cru@gmail.com,Austin,BR,Home Office
1466506,Ravi Mehta,ravi.meh@gmail.com,Charlotte,UK,Corporate
820856,Stefano Moretti,stefano.mor@hotmail.com,Chicago,DE,Consumer
1712710,Jules Faure,jfaure@outlook.com,Nashville,UK,Corporate
1981913,Patricia Gomez,pgomez@icloud.com,San Diego,BR,Consumer
1281195,Michael Bell,michael_bel@hotmail.com,Columbus,US,Corporate
1645368,Margaret Hall,margaret346@gmail.com,San Diego,US,Home Office
1929710,Jessica Johnson,jessica.johnson@gmail.com,Dallas,UK,Home Office
769692,Teresa Chatterjee,teresa.chatterjee@gmail.com,Phoenix,IN,Consumer
1429290,Jonas Becker,jonas.becker@icloud.com,Houston,US,Consumer
1092384,William Miller,william.miller@protonmail.com,Jacksonville,DE,Consumer
1882913,George Walker,george431@yahoo.com,Chicago,IN,Consumer
1329314,Ingrid Schmitt,ingridschmitt@yahoo.com,Charlotte,IN,Consumer
1424779,Paul Rogers,paul.rogers@icloud.com,Jacksonville,DE,Consumer
303180,Linda Nelson,linda412@gmail.com,Houston,DE,Consumer
1502975,Claudia Castillo,claudia63@icloud.com,Boston,IN,Consumer
21411,Emma Ramos,emmaramos@gmail.com,Austin,IN,Consumer
1303845,Haruto Sasaki,haruto_sas@gmail.com,Denver,DE,Corporate
418667,Femi Diallo,fdiallo@gmail.com,San Antonio,DE,Consumer
1664483,Joshua Martin,jmartin@hotmail.com,Los Angeles,CA,Home Office
1100119,Alejandra Vasquez,avasquez@gmail.com,Charlotte,US,Consumer
1900107,Santiago Jimenez,santiagojim@hotmail.com,San Jose,US,Home Office
719001,Arjun Rao,arao@icloud.com,Austin,IN,Consumer
1596917,Wolfgang Fischer,wolfgangfis@gmail.com,Chicago,IN,Consumer
46705,Li Gao,li758@outlook.com,Portland,US,Consumer
71114,Huda Khoury,huda290@gmail.com,Portland,US,Consumer
1197433,Zara Toure,zara.toure@gmail.com,Columbus,US,Corporate
1062861,Joon-woo Mancini,joonwoomancini@gmail.com,Columbus,IN,Corporate
1033306,Alejandra Flores,aflores@outlook.com,San Jose,BR,Corporate
1459795,Charles Anderson,charles165@yahoo.com,San Antonio,CA,Consumer
1006089,Ngozi Keita,nkeita@gmail.com,San Jose,CA,Consumer
723173,Jun Li,jli@gmail.com,Columbus,UK,Corporate
1568276,Yui Kimura,ykimura@gmail.com,Nashville,DE,Corporate
924046,Jack Martin,jack529@icloud.com,Phoenix,DE,Consumer
1661996,Sebastian Müller,sebastian434@yahoo.com,Austin,UK,Consumer
953667,Ramesh Bhat,ramesh_bhat@icloud.com,Philadelphia,US,Consumer
67909,Arjun Mukherjee,arjun.mukherjee@protonmail.com,Chicago,IN,Corporate
1005139,Betty Lewis,bettylewis@hotmail.com,Boston,BR,Home Office
1543895,Elizabeth Cook,elizabeth.coo@yahoo.com,Charlotte,US,Consumer
1235900,Jing Zheng,jing.zhe@outlook.com,Portland,BR,Consumer
292666,Aurelie Girard,agirard@yahoo.com,Phoenix,US,Corporate
694468,Manuel Diaz,manueldiaz@icloud.com,Chicago,DE,Corporate
1258780,Oscar Alvarez,oscar418@gmail.com,Charlotte,IN,Corporate
1429809,Jessica Martin,jessica.martin@outlook.com,Chicago,UK,Corporate
471529,Elizabeth Roberts,elizabeth.rob@gmail.com,Boston,US,Corporate
433250,Joshua Morris,joshua.morris@gmail.com,Jacksonville,US,Consumer
605250,DeShawn Diallo,deshawn.dia@yahoo.com,Portland,DE,Consumer
99503,Leila Hamdan,leila_ham@gmail.com,Denver,US,Consumer
1462373,Rajesh Das,rajesh517@yahoo.com,Austin,IN,Consumer
1856666,Khalid Haddad,khalid_haddad@gmail.com,Boston,IN,Home Office
1915788,Ronald Collins,ronald224@icloud.com,New York,DE,Corporate
359783,Swati Kumar,swati.kum@gmail.com,Phoenix,BR,Consumer
1154085,Kavya Malhotra,kavya98@outlook.com,Portland,UK,Home Office
809580,Kavya Mehta,kavya148@gmail.com,Fort Worth,UK,Consumer
441531,Yan Huang,yhuang@protonmail.com,San Diego,BR,Consumer
1558640,Claudia Diaz,claudia487@yahoo.com,Portland,UK,Home Office
586270,Manon Petit,manon.pet@hotmail.com,Seattle,US,Home Office
1131300,Betty Taylor,btaylor@hotmail.com,Columbus,DE,Home Office
468433,Lakshmi Hegde,lhegde@gmail.com,San Jose,US,Corporate
1217186,Grace Yoon,grace.yoon@hotmail.com,Houston,US,Consumer
295599,Emma Rogers,emma.rog@outlook.com,Houston,US,Consumer
1487021,William Ward,william50@outlook.com,Chicago,US,Consumer
1153047,Emily Harris,emily.har@icloud.com,Jacksonville,US,Corporate
1553620,Alejandra Perez,alejandra501@outlook.com,San Jose,UK,Consumer
1325599,Nour Khalil,nour.khalil@gmail.com,Austin,IN,Consumer
915830,Louis Lefebvre,llefebvre@icloud.com,Columbus,US,Home Office
786387,Obi Asante,obi.asante@yahoo.com,Jacksonville,US,Consumer
1931747,Charlotte Wright,charlottewri@gmail.com,Seattle,BR,Consumer
614012,David Richardson,david.ric@gmail.com,San Jose,US,Home Office
1636108,Sharon Edwards,sharon253@gmail.com,Nashville,US,Consumer
1955816,Na Chen,na664@yahoo.com,Chicago,US,Corporate
1403022,Mark Cook,mark.cook@icloud.com,Charlotte,US,Home Office
103942,Rebecca Carter,rebecca322@gmail.com,Seattle,IN,Consumer
495681,Melissa Allen,melissa.allen@gmail.com,Seattle,UK,Corporate
533768,Steven Hall,shall@outlook.com,Denver,US,Consumer
593395,Sofia Lopez,sofia789@gmail.com,San Diego,US,Consumer
54289,Ronald Scott,rscott@hotmail.com,Boston,US,Home Office
583207,Lucia Diaz,lucia.diaz@yahoo.com,Chicago,IN,Consumer
1135431,Theo Morel,tmorel@gmail.com,New York,UK,Corporate
977198,Aaliyah Keita,aaliyah_kei@outlook.com,San Diego,DE,Consumer
577282,Chioma Camara,ccamara@yahoo.com,Dallas,IN,Home Office
114101,Charlotte Smith,charlotte.smith@hotmail.com,Los Angeles,US,Consumer
1795439,Darius Mukherjee,darius.muk@icloud.com,Fort Worth,US,Consumer
1131225,Joshua Young,joshua965@yahoo.com,Jacksonville,US,Corporate
1650582,Kofi Sow,kofi.sow@gmail.com,Phoenix,UK,Home Office
1281051,Yong Zhao,yong700@gmail.com,Fort Worth,UK,Corporate
809627,Kavya Bhat,kbhat@gmail.com,Fort Worth,US,Consumer
1325670,Michael Cooper,michael_coo@yahoo.com,Philadelphia,US,Consumer
903331,Matthew Jackson,matthew168@gmail.com,Columbus,US,Corporate
1857886,Mohammed Saleh,mohammed154@gmail.com,San Antonio,UK,Home Office
658852,Mary Collins,marycollins@outlook.com,Los Angeles,DE,Consumer
867409,Karim Khalil,kkhalil@yahoo.com,Philadelphia,US,Corporate
1215765,Adaeze Nwosu,adaeze932@gmail.com,San Antonio,IN,Corporate
1655072,Emeka Boateng,emeka207@protonmail.com,San Jose,US,Corporate
803839,Barbara Williams,barbara.wil@gmail.com,San Diego,CA,Consumer
143673,Xia Cao,xiacao@gmail.com,Dallas,UK,Consumer
1003395,Camille Simon,camille672@gmail.com,Houston,UK,Consumer
1034834,Hannah White,hannahwhite@protonmail.com,Denver,UK,Corporate
287358,Nadia Aziz,naziz@gmail.com,Los Angeles,US,Consumer
966464,Vidya Bose,vidyabos@protonmail.com,Fort Worth,UK,Consumer
1767775,Julia Schmitt,juliaschmitt@gmail.com,San Diego,US,Corporate
117263,Honoka Kobayashi,hkobayashi@icloud.com,Chicago,IN,Consumer
1534229,Thomas White,thomas.whi@gmail.com,Charlotte,US,Corporate
600533,Oscar Ramos,oscar_ramos@gmail.com,San Antonio,BR,Consumer
581220,Sofia Ramirez,sofia_ram@protonmail.com,Jacksonville,US,Consumer
1019744,Kavya Chopra,kavya.chopra@protonmail.com,Nashville,UK,Consumer
447655,Jian Deng,jian457@icloud.com,Dallas,IN,Consumer
1921349,DeShawn Okonkwo,deshawnokonkwo@yahoo.com,New York,US,Corporate
1520882,Vikram Desai,vikram.desai@protonmail.com,Boston,IN,Corporate
831959,Stefano Rodriguez,stefano_rodriguez@icloud.com,Denver,IN,Corporate
1543005,Veronica Torres,veronicator@hotmail.com,Chicago,BR,Home Office
496403,Juan Song,juan.song@outlook.com,Chicago,BR,Consumer
1650697,Lisa Bell,lbell@gmail.com,Nashville,UK,Corporate
1659013,Beatriz Moreno,beatriz_moreno@hotmail.com,San Antonio,CA,Home Office
61764,Caleb Williams,cwilliams@gmail.com,Dallas,US,Corporate
1314870,Margaret Wilson,margaret20@gmail.com,Boston,UK,Corporate
1708338,Hyun-woo Kim,hkim@icloud.com,Nashville,US,Corporate
1794788,Pablo Sanchez,pablo794@hotmail.com,San Diego,US,Corporate
1961694,Paula Torres,ptorres@yahoo.com,Nashville,IN,Consumer
948523,Pooja Joshi,pooja.joshi@outlook.com,Columbus,IN,Home Office
374552,Manon Petit,mpetit@gmail.com,Boston,US,Consumer
89365,Anil Mehta,amehta@hotmail.com,Nashville,UK,Corporate
129795,Yong Liu,yong.liu@gmail.com,Charlotte,US,Consumer
1621776,Hao Zheng,hao29@gmail.com,Denver,US,Consumer
1030015,Steven Rogers,srogers@gmail.com,Fort Worth,IN,Corporate
355247,Nasser Najjar,nasser846@outlook.com,Philadelphia,DE,Consumer
1535624,Beatrice Rao,beatrice614@icloud.com,Columbus,UK,Corporate
30076,Carol Walker,carolwalker@icloud.com,Dallas,IN,Consumer
376045,Barbara Evans,barbara.evans@protonmail.com,New York,US,Consumer
1715658,Zainab Toure,zainab.tou@yahoo.com,Denver,UK,Consumer
389194,Yasmin Farah,yasmin_farah@yahoo.com,Denver,CA,Corporate
496042,Charles Young,charles829@outlook.com,Charlotte,US,Consumer
1756305,William Martin,william994@gmail.com,Portland,DE,Home Office
1525992,Betty Walker,betty612@outlook.com,San Diego,DE,Consumer
474993,Emi Yamada,emi_yamada@gmail.com,Portland,DE,Home Office
1300341,Tao Wu,tao627@icloud.com,Boston,DE,Corporate
496675,Fatima Karim,fatima.karim@gmail.com,Phoenix,DE,Consumer
1897143,Sophie DeLuca,sophie_del@gmail.com,Jacksonville,BR,Home Office
379843,Elena Medina,elena.med@hotmail.com,San Diego,IN,Consumer
1105224,Kai Lin,klin@gmail.com,San Diego,US,Consumer
1068450,Camila Romero,camila.rom@hotmail.com,Fort Worth,US,Consumer
476252,Manuel Flores,manuelflo@outlook.com,Denver,US,Home Office
282004,Kojo Okeke,kojo_oke@icloud.com,Seattle,CA,Corporate
351638,Jeffrey Baker,jbaker@outlook.com,Charlotte,US,Corporate
294303,Anjali Kapoor,anjali_kap@icloud.com,San Antonio,UK,Home Office
186778,Carlos Cruz,carlos554@yahoo.com,San Jose,IN,Consumer
1218907,Paolo Ferrari,paolo929@gmail.com,Austin,BR,Corporate
1891134,Donna Cox,donna_cox@outlook.com,Philadelphia,CA,Corporate
1548243,Sharon Smith,sharon.smith@yahoo.com,Jacksonville,US,Consumer
1627010,Noah Hall,noah.hal@outlook.com,Columbus,UK,Consumer
1054914,Veronica Herrera,vherrera@gmail.com,Boston,IN,Home Office
309691,Valentina Ferrari,valentina.ferrari@protonmail.com,Portland,DE,Consumer
904439,Charlotte Davis,charlotte.davis@outlook.com,San Jose,US,Corporate
1855386,Sita Shah,sitasha@hotmail.com,Denver,IN,Consumer
740277,Sarah Johnson,sarah.joh@gmail.com,Austin,DE,Consumer
944170,Pierre Lefebvre,pierre606@gmail.com,Dallas,IN,Consumer
239695,Darius Sane,darius500@gmail.com,Dallas,BR,Consumer
1063144,Karthik Kapoor,karthikkap@icloud.com,Jacksonville,US,Corporate
241414,Brian Owusu,bowusu@yahoo.com,Portland,UK,Consumer
1257821,Alice Petit,alice.petit@gmail.com,New York,US,Corporate
1588628,Lena Krüger,lena291@gmail.com,Los Angeles,IN,Home Office
1078564,Layla Rahman,lrahman@icloud.com,San Diego,CA,Consumer
110927,Ethan Cox,ecox@yahoo.com,Boston,US,Consumer
1802109,Bin Chen,binche@gmail.com,Charlotte,US,Consumer
580937,Gabriele Romano,gromano@gmail.com,Columbus,IN,Home Office
959469,Susan Scott,susan_scott@gmail.com,Charlotte,US,Consumer
124902,Jessica Allen,jallen@gmail.com,Seattle,UK,Consumer
1638053,Jessica Morris,jmorris@yahoo.com,Columbus,DE,Corporate
1374269,Swati Gupta,swati.gupta@gmail.com,San Antonio,DE,Corporate
693308,Nancy Morgan,nancy979@yahoo.com,Los Angeles,US,Consumer
676315,Carol Carter,ccarter@gmail.com,San Diego,DE,Corporate
712643,Folake Sow,folake_sow@protonmail.com,Chicago,DE,Consumer
74551,Camille Petit,camillepet@yahoo.com,Jacksonville,US,Consumer
1454222,Stefano DeLuca,stefanodel@outlook.com,Boston,US,Consumer
22870,Margaux Faure,margaux_fau@gmail.com,Austin,US,Consumer
1729316,Pablo Diaz,pablo.dia@gmail.com,Columbus,UK,Consumer
1863064,Francesco Moretti,francesco.mor@yahoo.com,Dallas,US,Home Office
242089,Ruben Ramos,rramos@gmail.com,Denver,IN,Consumer
1247023,Greta Giordano,greta622@icloud.com,San Antonio,DE,Consumer
525152,Wolfgang Schmitt,wschmitt@gmail.com,Jacksonville,US,Corporate
334544,Nia Traore,nia.tra@protonmail.com,New York,UK,Corporate
1646648,Ronald Young,ryoung@hotmail.com,Dallas,US,Consumer
935791,Steven Young,syoung@outlook.com,Portland,IN,Consumer
1879540,Jeffrey Thompson,jeffrey_thompson@icloud.com,Chicago,US,Consumer
1600528,Charles Wilson,charles733@protonmail.com,Los Angeles,IN,Home Office
911090,Dina Rahman,dina_rahman@outlook.com,Houston,US,Consumer
1102257,Julia Müller,julia.mller@yahoo.com,Phoenix,US,Consumer
1921714,Kenneth Cox,kcox@gmail.com,Dallas,DE,Corporate
1091404,Charles Khoury,charles.kho@protonmail.com,Portland,DE,Consumer
1285875,Lucia Richardson,lucia733@protonmail.com,San Antonio,DE,Consumer
1688276,Antonio Hernandez,antonio126@protonmail.com,Chicago,CA,Consumer
1285897,Laura White,laura.white@gmail.com,San Jose,UK,Corporate
325073,Sophie Dubois,sdubois@outlook.com,Chicago,US,Consumer
209034,Oliver Morgan,olivermorgan@gmail.com,New York,CA,Consumer
39898,Klaus Hofmann,klaus.hof@gmail.com,Jacksonville,DE,Home Office
299957,Alejandro Aguilar,aaguilar@outlook.com,Columbus,UK,Corporate
190220,Elijah Cook,elijah605@gmail.com,Fort Worth,IN,Consumer
705846,James Harris,james_harris@outlook.com,San Antonio,UK,Consumer
1384256,Jennifer Stewart,jennifer_stewart@gmail.com,Los Angeles,US,Consumer
1334861,Vidya Toure,vidyatoure@outlook.com,San Antonio,UK,Consumer
1815135,Claire Moreau,cmoreau@outlook.com,Jacksonville,BR,Consumer
424263,Carlos Medina,carlos349@gmail.com,New York,CA,Corporate
1290278,James Mitchell,james_mit@protonmail.com,Jacksonville,IN,Home Office
1396554,Tariq Hassan,tariq.hassan@gmail.com,Dallas,US,Corporate
726309,Alejandra Hall,ahall@gmail.com,Charlotte,CA,Consumer
912876,Claudia Schwarz,claudia199@icloud.com,Boston,CA,Consumer
576626,Juana Cruz,juanacru@icloud.com,Nashville,CA,Consumer
1584962,Mamadou Camara,mamadoucamara@gmail.com,Fort Worth,IN,Consumer
1962683,Haruto Ito,haruto.ito@yahoo.com,Jacksonville,US,Corporate
979398,Hui Song,hsong@gmail.com,New York,US,Consumer
1603947,Ananya Adeyemi,ananya.ade@icloud.com,Nashville,UK,Corporate
273718,Christopher Evans,christophereva@icloud.com,Charlotte,UK,Consumer
1852805,Deepa Malhotra,dmalhotra@outlook.com,San Diego,US,Consumer
1616187,Deepa Rao,deepa_rao@protonmail.com,Chicago,US,Consumer
1204173,Caleb Jones,caleb.jones@gmail.com,Charlotte,UK,Consumer
870711,Emma Carter,ecarter@yahoo.com,New York,UK,Corporate
957384,Ute Eze,ute350@gmail.com,New York,IN,Consumer
352516,Jennifer Thompson,jennifer84@hotmail.com,San Antonio,DE,Corporate
221707,Pilar Blanc,pilar.blanc@gmail.com,Portland,US,Consumer
1029530,Brian Reed,brian222@outlook.com,Jacksonville,IN,Consumer
1297844,Louis Moreau,louis.mor@outlook.com,Philadelphia,BR,Consumer
414261,Lucas Adams,lucas674@icloud.com,Denver,UK,Consumer
1124020,Shreya Sharma,shreya387@gmail.com,Fort Worth,DE,Consumer
1669861,Dinesh Pillai,dineshpillai@icloud.com,Phoenix,IN,Home Office
66633,Lei Li,leili@outlook.com,Nashville,UK,Corporate
1970440,Patricia Brown,patriciabrown@outlook.com,Austin,UK,Corporate
671086,Ye-jin Jang,yjang@gmail.com,Dallas,CA,Corporate
1204993,James Nelson,james.nel@gmail.com,Denver,DE,Consumer
1232960,Henry Johnson,henryjoh@icloud.com,Fort Worth,US,Corporate
714725,Melissa White,mwhite@protonmail.com,Austin,UK,Home Office
1510260,Richard Anderson,richardanderson@icloud.com,Boston,IN,Consumer
667703,Oscar Alvarez,oalvarez@outlook.com,Boston,US,Corporate
53403,Emily Williams,emily705@icloud.com,Denver,IN,Consumer
1304065,Jack Rogers,jack.rog@yahoo.com,Philadelphia,DE,Consumer
341364,Anita Verma,averma@gmail.com,Houston,BR,Consumer
1949879,Paul Jackson,paul.jackson@outlook.com,Fort Worth,BR,Consumer
809356,Valentina Herrera,valentina950@outlook.com,Charlotte,US,Corporate
366074,Richard Mitchell,rmitchell@protonmail.com,Fort Worth,BR,Home Office
467511,Xiao Song,xsong@gmail.com,Austin,IN,Corporate
1350108,Tyrone Diallo,tyrone.diallo@yahoo.com,Phoenix,UK,Corporate
1915687,Grace Nelson,gracenelson@gmail.com,Fort Worth,UK,Consumer
1888845,Camila Cruz,camila.cruz@gmail.com,Philadelphia,US,Consumer
1313261,Joshua Adams,joshuaada@outlook.com,Jacksonville,DE,Corporate
224934,Amit Pillai,amit855@outlook.com,Nashville,US,Consumer
120993,Aya Ibrahim,aibrahim@outlook.com,Columbus,DE,Consumer
1819296,Deborah Harris,deborah966@gmail.com,Philadelphia,US,Corporate
1005328,Camila Romero,cromero@hotmail.com,San Diego,US,Consumer
951968,Amelia Young,amelia.you@outlook.com,Los Angeles,UK,Corporate
69679,Swati Chopra,swati77@gmail.com,Houston,BR,Home Office
1415872,Vittoria Giordano,vittoria898@gmail.com,Denver,UK,Consumer
822992,Jun Zhang,junzha@gmail.com,Charlotte,US,Consumer
1410432,Lisa Cox,lisa_cox@gmail.com,Fort Worth,IN,Corporate
952897,Santiago Aguilar,santiago_agu@gmail.com,New York,UK,Consumer
1085225,Miguel Lopez,miguel_lopez@protonmail.com,Nashville,DE,Consumer
1542059,Jules Leroy,jules.ler@yahoo.com,Denver,US,Consumer
1145301,Klaus Werner,kwerner@protonmail.com,Chicago,US,Home Office
1221793,Camila Sanchez,camilasanchez@gmail.com,Fort Worth,DE,Corporate
861116,Adaeze Diallo,adiallo@outlook.com,San Antonio,US,Consumer
1710536,Melissa Harris,melissahar@protonmail.com,Charlotte,DE,Consumer
1479168,Hector Mendoza,hector706@icloud.com,Boston,US,Consumer
257938,Raul Morales,raul.mor@gmail.com,Phoenix,UK,Corporate
1163414,Harper Robinson,harper329@protonmail.com,Houston,US,Consumer
1762195,Alessandro Ferrari,alessandro913@gmail.com,Philadelphia,US,Corporate
469652,Chloe Jackson,chloe_jac@gmail.com,Fort Worth,US,Consumer
953747,Ousmane Mensah,ousmane.men@yahoo.com,Fort Worth,BR,Consumer
350023,Yuki Ito,yuki.ito@hotmail.com,Phoenix,IN,Corporate
176017,Kiran Desai,kirandesai@gmail.com,Austin,CA,Corporate
276437,Ryan Williams,ryan_wil@gmail.com,Los Angeles,CA,Home Office
1361579,Sunita Mukherjee,sunita639@gmail.com,Columbus,IN,Corporate
1854660,Deborah Smith,deborahsmith@protonmail.com,Jacksonville,US,Consumer
1124768,Owen Carter,owen763@gmail.com,Jacksonville,DE,Corporate
895994,Wolfgang Schmidt,wolfgang.sch@yahoo.com,Chicago,BR,Corporate
1632035,Vijay Patel,vijay.pat@gmail.com,New York,US,Home Office
162481,Ryan Green,rgreen@yahoo.com,Jacksonville,BR,Corporate
488574,Joseph Davis,joseph5@gmail.com,Philadelphia,DE,Home Office
366932,Charles Taylor,charles.tay@gmail.com,Boston,US,Consumer
1656896,Daniel Stewart,daniel357@icloud.com,Charlotte,DE,Home Office
890661,Olivia Lewis,olewis@outlook.com,Austin,UK,Consumer
1795611,Stefan Schwarz,stefan353@protonmail.com,Nashville,US,Corporate
1094933,Emma Bell,emmabell@gmail.com,Fort Worth,BR,Consumer
1795032,Barbara Lewis,barbara354@icloud.com,Portland,IN,Corporate
18341,Rosa Lopez,rlopez@yahoo.com,Phoenix,US,Corporate
188507,Robert Roberts,rroberts@gmail.com,Fort Worth,UK,Consumer
638063,Hyun-woo Kwon,hyunwookwon@protonmail.com,Charlotte,US,Home Office
473853,Hong Liu,hong.liu@icloud.com,Portland,UK,Home Office
312859,Timothy Bell,timothy463@icloud.com,Austin,BR,Consumer
1680069,Daiki Hayashi,dhayashi@icloud.com,Houston,IN,Consumer
827634,Farah Awad,fawad@yahoo.com,Houston,US,Home Office
1391135,Kevin Roberts,kevin_roberts@protonmail.com,San Antonio,US,Consumer
374635,Alejandro Aguilar,alejandro709@icloud.com,San Diego,DE,Corporate
1400423,Lei Liu,lei.liu@icloud.com,Portland,US,Home Office
1211653,Mason Scott,mason.sco@hotmail.com,San Antonio,UK,Consumer
1609130,Sophia Jackson,sophia.jac@hotmail.com,Houston,US,Consumer
364349,Deepa Das,deepa.das@outlook.com,Portland,IN,Consumer
96342,Lin Sun,lin903@gmail.com,Seattle,US,Corporate
808218,Birgit Zimmermann,bzimmermann@gmail.com,Los Angeles,US,Home Office
969221,Brian Baker,brian.bak@outlook.com,Philadelphia,US,Corporate
1826301,Karen Wilson,karen.wil@gmail.com,Los Angeles,UK,Corporate
411695,Leila Nasser,leila.nas@icloud.com,Nashville,US,Consumer
1588954,Kenneth Evans,kennethevans@gmail.com,New York,UK,Consumer
1402359,Mary Howard,maryhow@gmail.com,Columbus,US,Corporate
588081,Margaret Phillips,mphillips@outlook.com,Denver,IN,Consumer
725774,Michelle Brown,michelle_bro@yahoo.com,San Diego,IN,Consumer
809019,Imani Mensah,imani.mensah@gmail.com,San Jose,US,Consumer
375902,Evelyn Rogers,evelyn.rogers@gmail.com,Chicago,UK,Corporate
52742,Lina Ali,lina.ali@gmail.com,Chicago,IN,Consumer
652101,Rekha Verma,rekha_ver@yahoo.com,Phoenix,DE,Consumer
1765615,Varun Patel,varunpat@icloud.com,Los Angeles,IN,Consumer
859107,Paolo Giordano,paolo.giordano@hotmail.com,Philadelphia,US,Consumer
435779,Alejandra Hernandez,alejandra466@yahoo.com,Columbus,CA,Consumer
1601203,Tunde Johnson,tunde_johnson@hotmail.com,Chicago,US,Home Office
1983857,Laura Jones,laura169@yahoo.com,Los Angeles,CA,Home Office
329590,Ravi Bhat,ravi259@outlook.com,Houston,US,Consumer
615900,Owen Stewart,owen.ste@icloud.com,Denver,US,Consumer
444571,Catalina Lopez,catalina.lop@gmail.com,Los Angeles,BR,Consumer
724729,Adriana Rivera,arivera@gmail.com,San Antonio,US,Corporate
546678,Sunita Kapoor,sunita.kapoor@gmail.com,Charlotte,UK,Home Office
1566538,Sebastian Wolf,swolf@outlook.com,Charlotte,CA,Home Office
1998727,John Thomas,jthomas@icloud.com,Houston,DE,Consumer
469353,Mateo Mendoza,mmendoza@yahoo.com,New York,UK,Corporate
1931141,Imani Camara,icamara@protonmail.com,Nashville,US,Corporate
744280,Cesar Ortiz,cortiz@gmail.com,San Diego,UK,Consumer
1219722,Abigail Wilson,abigail.wil@gmail.com,Phoenix,UK,Corporate
948027,Nadia Chatterjee,nadia.cha@gmail.com,Los Angeles,CA,Home Office
1660527,Amelia Jones,ajones@outlook.com,Austin,UK,Corporate
382821,Amadou Adeyemi,amadouadeyemi@gmail.com,Phoenix,US,Corporate
1059501,Michael White,michael.white@icloud.com,Jacksonville,UK,Home Office
7031,Owen Adams,owen550@gmail.com,Portland,US,Corporate
1646149,Claudia Weber,cweber@outlook.com,Dallas,UK,Consumer
1941518,Giovanni Giordano,giovannigiordano@protonmail.com,Boston,CA,Consumer
1744450,Lucas Robinson,lucas_robinson@gmail.com,Denver,US,Consumer
823369,Mason Jackson,mason650@yahoo.com,Los Angeles,UK,Consumer
408368,Henry Mitchell,henrymitchell@outlook.com,Los Angeles,US,Home Office
1456132,Aarti Shah,aarti.shah@icloud.com,San Jose,US,Consumer
66976,Mary Bailey,mbailey@gmail.com,Nashville,DE,Consumer
1106939,Nour Sayegh,noursay@yahoo.com,Houston,IN,Home Office
1595727,Beatriz Herrera,bherrera@gmail.com,Columbus,IN,Consumer
1832704,Jade Simon,jade63@outlook.com,San Jose,UK,Consumer
142404,Sharon Parker,sharon766@protonmail.com,San Diego,US,Home Office
1735007,Mamadou Okeke,mamadouoke@outlook.com,Jacksonville,CA,Consumer
289577,Linda Rogers,lindarog@icloud.com,Charlotte,IN,Consumer
244780,Gabriela Perez,gabriela_perez@gmail.com,San Antonio,DE,Consumer
879095,Aurelie Andre,aurelie.andre@outlook.com,San Jose,UK,Consumer
62084,Catalina Herrera,catalina256@gmail.com,Houston,UK,Consumer
1958968,Femi Sow,femi_sow@gmail.com,San Antonio,US,Corporate
1027864,Deborah Richardson,deborah474@gmail.com,Boston,IN,Corporate
290604,Karen Nelson,knelson@gmail.com,San Jose,US,Corporate
1038942,Vidya Bose,vidya.bose@icloud.com,Austin,IN,Consumer
1977131,Fatima Najjar,fnajjar@icloud.com,Houston,UK,Corporate
1998208,Julia Müller,juliamll@icloud.com,Fort Worth,US,Consumer
1459051,Nancy Adams,nancyadams@outlook.com,Charlotte,IN,Home Office
1471557,Noah Morris,noah582@gmail.com,New York,US,Consumer
1560890,Tariq Awad,tariq.awa@yahoo.com,Dallas,US,Consumer
1531573,Thomas Allen,thomas.allen@outlook.com,Austin,UK,Consumer
1660894,Sharon Edwards,sharon.edw@hotmail.com,Columbus,CA,Consumer
1101440,Anil Mukherjee,anil363@outlook.com,Phoenix,IN,Home Office
382697,Owen Campbell,owen.campbell@gmail.com,San Jose,US,Consumer
1800622,Beatriz Morales,bmorales@gmail.com,Denver,US,Consumer
1408034,Grace Miller,gracemil@gmail.com,Dallas,CA,Consumer
1733724,Swati Agarwal,sagarwal@gmail.com,Seattle,IN,Consumer
217741,Kiran Malhotra,kmalhotra@gmail.com,Portland,UK,Consumer
247461,Ines Jimenez,ines_jimenez@yahoo.com,New York,IN,Consumer
629962,Mia Smith,mia265@gmail.com,Dallas,UK,Consumer
605171,Swati Bailey,swati.bai@gmail.com,Phoenix,IN,Corporate
954376,Sofia Rivera,sofia652@gmail.com,Portland,UK,Consumer
1638686,Ryan Morris,ryanmorris@outlook.com,Charlotte,US,Corporate
1075612,Kimberly Smith,kimberly.smith@yahoo.com,Austin,US,Consumer
1208024,Beatriz Cruz,bcruz@gmail.com,Los Angeles,UK,Consumer
991971,Charles Richardson,crichardson@icloud.com,Boston,BR,Consumer
84479,Camila Lopez,clopez@outlook.com,Fort Worth,BR,Home Office
615387,Carmen Morales,carmen997@outlook.com,Columbus,IN,Corporate
137969,Francesco Romano,francesco.rom@icloud.com,Nashville,US,Consumer
1718364,Margaux Moreau,mmoreau@outlook.com,Phoenix,IN,Corporate
948393,Abigail Collins,abigail688@gmail.com,Fort Worth,CA,Home Office
1432124,Kenneth Davis,kenneth.davis@protonmail.com,San Jose,US,Home Office
1393083,Emily Allen,emily568@outlook.com,Boston,IN,Consumer
1913803,Sebastian Gutierrez,sebastiangut@protonmail.com,Dallas,IN,Consumer
967486,Fatou Adeyemi,fatou.ade@gmail.com,Seattle,US,Consumer
1518987,Cheng Yang,cheng.yang@outlook.com,Chicago,US,Corporate
93832,Lena Braun,lena60@gmail.com,San Jose,CA,Corporate
1575494,Ritu Shah,ritu.sha@gmail.com,Denver,UK,Consumer
194516,Kimberly Robinson,kimberly.robinson@yahoo.com,Portland,DE,Consumer
736260,Gaurav Chatterjee,gchatterjee@yahoo.com,Charlotte,US,Corporate
1635510,Chioma Okeke,cokeke@gmail.com,Columbus,US,Consumer
416590,Lucia Martinez,lucia452@gmail.com,Seattle,IN,Corporate
395870,Daniel Stewart,daniel60@outlook.com,Columbus,US,Consumer
1181192,Akosua Toure,atoure@protonmail.com,Dallas,US,Consumer
271922,Adriana Perez,aperez@gmail.com,Chicago,CA,Home Office
1267217,Xin Song,xin589@yahoo.com,Chicago,US,Consumer
217370,Juan Liang,juan.liang@gmail.com,New York,US,Corporate
1919874,Daniela Gomez,dgomez@gmail.com,Houston,US,Consumer
1089272,Zara Asante,zara.asa@icloud.com,Charlotte,IN,Corporate
1080998,Kimberly Jones,kimberly.jon@icloud.com,Boston,IN,Consumer
1896680,Mary Evans,maryeva@icloud.com,New York,BR,Consumer
1884577,Claudia Werner,claudia327@icloud.com,Boston,UK,Consumer
1992862,Kevin Young,kevinyoung@gmail.com,Los Angeles,US,Consumer
489041,Joon-woo Kang,jkang@gmail.com,Jacksonville,DE,Home Office
368803,Shota Yamada,shota_yamada@hotmail.com,Jacksonville,BR,Home Office
827261,Amira Yousef,amira_you@yahoo.com,Columbus,DE,Consumer
67094,Timothy Smith,timothy604@outlook.com,Seattle,IN,Corporate
1390100,Monika Schwarz,monika194@gmail.com,Houston,IN,Home Office
337617,Emily Smith,esmith@outlook.com,San Antonio,CA,Consumer
1866471,Elizabeth Herrera,elizabeth118@outlook.com,Seattle,US,Corporate
1636394,Fang Han,fang519@yahoo.com,Jacksonville,US,Consumer
928443,Margaret Reed,mreed@gmail.com,San Jose,IN,Consumer
461879,Yun Zheng,yun941@yahoo.com,San Antonio,US,Home Office
148563,Hana Rahman,hrahman@gmail.com,Houston,UK,Consumer
7760,Jack Brown,jack.brown@gmail.com,San Jose,DE,Corporate
839906,Matteo Marino,matteo.marino@icloud.com,Phoenix,IN,Consumer
1751430,Alejandro Alvarez,aalvarez@outlook.com,Chicago,US,Consumer
36721,Deborah Brown,deborah_bro@gmail.com,Jacksonville,IN,Consumer
807515,Paolo Greco,paolo.gre@hotmail.com,Portland,UK,Consumer
1995066,Elizabeth Ward,elizabeth357@yahoo.com,San Antonio,UK,Corporate
1197494,Priya Chopra,priya.cho@outlook.com,Seattle,UK,Corporate
252385,Pablo Flores,pflores@gmail.com,San Jose,DE,Consumer
996578,Alejandra Herrera,alejandra424@outlook.com,Houston,UK,Consumer
194600,Richard Nelson,richardnelson@icloud.com,Philadelphia,US,Corporate
259256,Isabella Alvarez,isabella.alv@gmail.com,Seattle,UK,Consumer
1552245,Susan Lewis,susan782@hotmail.com,Nashville,US,Corporate
1252407,Yousef Said,yousef224@protonmail.com,Seattle,US,Corporate
1314234,Oliver Stewart,oliverste@yahoo.com,Fort Worth,UK,Corporate
1010065,Linda Miller,linda878@gmail.com,Fort Worth,US,Corporate
1900592,Joseph Jackson,joseph534@hotmail.com,Austin,IN,Consumer
1456909,Cesar Garcia,cesargarcia@outlook.com,Chicago,CA,Consumer
1808150,Ritu Reddy,rreddy@gmail.com,Houston,US,Consumer
1395244,Martina Moretti,martinamoretti@gmail.com,Dallas,CA,Corporate
654890,Kofi Boateng,kofiboateng@outlook.com,Portland,US,Consumer
1635276,Grace Adams,grace516@icloud.com,San Diego,IN,Corporate
971593,Tariq Aziz,tariq.azi@hotmail.com,Fort Worth,UK,Consumer
1463314,Liam Carter,lcarter@icloud.com,Austin,US,Home Office
1083065,Ye-jin Kang,yejin.kang@gmail.com,San Diego,US,Consumer
1814838,Dorothy Howard,dorothy307@outlook.com,San Antonio,US,Home Office
1618347,Ava Chen,ava.che@gmail.com,Portland,DE,Consumer
173408,Patricia Vasquez,pvasquez@icloud.com,Dallas,DE,Consumer
1863353,Joshua Reed,jreed@gmail.com,New York,US,Consumer
1076703,Ronald Murphy,rmurphy@gmail.com,Phoenix,US,Consumer
1751214,Bo Xie,boxie@outlook.com,Philadelphia,IN,Consumer
817297,Emma Nelson,enelson@icloud.com,San Antonio,UK,Consumer
58129,Manoj Kulkarni,manoj907@gmail.com,Portland,UK,Consumer
1077282,Ming Chen,ming.chen@outlook.com,Jacksonville,UK,Consumer
1234854,Carlos Chavez,carlos828@icloud.com,Fort Worth,US,Consumer
1056137,Francisco Reyes,freyes@gmail.com,Austin,CA,Corporate
1065857,William Khoury,william957@hotmail.com,San Jose,IN,Consumer
731019,Charlotte Bell,charlottebel@outlook.com,Houston,US,Corporate
1211550,Eun-ji Kim,ekim@gmail.com,San Diego,BR,Corporate
173782,Min-jun Seo,minjun.seo@gmail.com,San Antonio,US,Corporate
821941,Lin Zhu,lzhu@gmail.com,Dallas,UK,Corporate
528014,Andres Rodriguez,arodriguez@gmail.com,Phoenix,UK,Corporate
1773432,Mark Johnson,mark.joh@gmail.com,Boston,UK,Consumer
427418,Varun Menon,varun7@yahoo.com,San Diego,US,Home Office
1636618,Divya Nair,divya.nai@yahoo.com,San Antonio,CA,Home Office
639453,Nicolas Bernard,nicolas.bernard@outlook.com,Chicago,IN,Corporate
231248,Kevin Carter,kevincarter@gmail.com,Dallas,IN,Consumer
1730238,Niklas Bauer,nbauer@icloud.com,Charlotte,UK,Consumer
1120715,Klaus Krüger,klauskrger@outlook.com,San Jose,US,Corporate
232119,Christopher Davis,cdavis@gmail.com,Houston,UK,Consumer
878244,Ming Xu,ming.xu@protonmail.com,Austin,CA,Corporate
650680,Kojo Adeyemi,kojo80@yahoo.com,San Jose,DE,Consumer
737414,Salma Hamdan,salma.ham@icloud.com,San Diego,CA,Consumer
635900,Joshua Stewart,joshua.stewart@protonmail.com,Chicago,DE,Corporate
1998092,Rahul Kapoor,rkapoor@icloud.com,Philadelphia,US,Home Office
1549494,Chioma Camara,chiomacamara@icloud.com,Portland,US,Consumer
551157,David Robinson,david_rob@outlook.com,Seattle,BR,Corporate
402428,Huda Rahman,huda.rahman@gmail.com,Houston,US,Consumer
1992417,Gabriel Lefebvre,gabriel.lefebvre@gmail.com,Portland,US,Consumer
617712,Grace Greco,ggreco@icloud.com,Phoenix,US,Consumer
685575,Francesco Barbieri,fbarbieri@yahoo.com,Houston,UK,Home Office
1781031,Ryan Reed,ryanree@protonmail.com,San Jose,UK,Consumer
907067,Nasser Saleh,nassersal@yahoo.com,San Antonio,IN,Consumer
1641356,Arjun Menon,arjunmen@gmail.com,Denver,US,Corporate
332176,Richard Baker,richardbak@icloud.com,Denver,US,Home Office
1075355,Elizabeth Cooper,elizabeth.coo@outlook.com,San Antonio,UK,Corporate
876405,Mary Thompson,mary_thompson@hotmail.com,San Diego,UK,Consumer
1343125,Dorothy Baker,dbaker@gmail.com,Houston,UK,Corporate
280413,Patricia Walker,patricia116@gmail.com,Jacksonville,IN,Home Office
344439,Long Zheng,longzheng@icloud.com,Denver,DE,Consumer
1514107,Arthur Roux,arthur908@outlook.com,Phoenix,IN,Corporate
295146,Mark Stewart,markstewart@gmail.com,Boston,DE,Consumer
440220,Jessica Baker,jbaker@hotmail.com,Fort Worth,BR,Home Office
1715173,Nisha Singh,nsingh@yahoo.com,Boston,US,Corporate
1691730,Richard White,rwhite@yahoo.com,Seattle,US,Consumer
1103938,Mariana Flores,mflores@gmail.com,Fort Worth,BR,Corporate
1546322,Ronald Lewis,ronald.lewis@gmail.com,Los Angeles,IN,Corporate
1661129,Anjali Malhotra,anjalimalhotra@gmail.com,Columbus,IN,Consumer
955298,Sophie Dubois,sdubois@outlook.com,Nashville,DE,Consumer
1065407,Jun Zhou,jun.zho@yahoo.com,Houston,DE,Home Office
1197183,Rekha Chopra,rekhachopra@outlook.com,Austin,US,Home Office
1196292,Ashley Richardson,ashley.richardson@gmail.com,Charlotte,UK,Home Office
321795,Priya Das,priya313@gmail.com,Nashville,US,Corporate
1156993,Marco Moretti,marco670@outlook.com,Denver,UK,Consumer
909014,Meera Reddy,meera.red@protonmail.com,Nashville,UK,Corporate
535882,Margaret Campbell,margaretcam@icloud.com,Los Angeles,UK,Home Office
304955,Betty Rogers,betty_rogers@gmail.com,New York,CA,Corporate
1067855,Radha Menon,radhamenon@gmail.com,Houston,UK,Home Office
1235029,Christopher Jones,cjones@protonmail.com,Seattle,US,Home Office
198445,Stephanie Lewis,stephanielew@outlook.com,San Diego,US,Consumer
1669761,Amelia Turner,amelia.turner@icloud.com,Denver,UK,Consumer
505673,Caleb Williams,caleb.wil@protonmail.com,Austin,DE,Consumer
1957459,Shu Ndiaye,sndiaye@gmail.com,Houston,CA,Home Office
138054,Mia Murphy,mia479@protonmail.com,Chicago,DE,Consumer
1036003,Peng Guo,peng39@gmail.com,San Diego,IN,Consumer
1097017,Christopher Harris,christopher123@gmail.com,San Jose,DE,Consumer
938978,James Rogers,james622@outlook.com,Boston,BR,Consumer
1198777,Emily Turner,eturner@gmail.com,Houston,IN,Consumer
1941424,Jennifer Thompson,jthompson@outlook.com,Fort Worth,US,Consumer
1088784,Anjali Bhat,anjali_bha@gmail.com,Chicago,DE,Corporate
376424,Betty Adams,betty.ada@gmail.com,Chicago,IN,Consumer
1427303,Yasmin Green,ygreen@protonmail.com,San Diego,CA,Home Office
1361348,Yasmin Hassan,yhassan@gmail.com,Columbus,US,Consumer
1092808,Karen Campbell,karen460@outlook.com,Los Angeles,US,Consumer
1753171,Ritu Sharma,rsharma@gmail.com,San Antonio,US,Consumer
1315196,Sneha Kumar,skumar@yahoo.com,Denver,BR,Consumer
64369,Sara Mancini,sara137@protonmail.com,Philadelphia,IN,Consumer
536253,Elena Garcia,elena.gar@icloud.com,San Jose,CA,Consumer
582734,Ahmed Rahman,arahman@icloud.com,San Jose,BR,Consumer
1515234,Jessica Morgan,jessicamor@hotmail.com,Portland,US,Consumer
882307,Karim Yousef,kyousef@protonmail.com,Phoenix,IN,Consumer
1109834,Karim Rahman,karim.rahman@outlook.com,Houston,US,Consumer
1135071,Brian Jackson,brian.jackson@icloud.com,Austin,UK,Corporate
711961,Priya Harris,priya703@outlook.com,Jacksonville,IN,Consumer
936547,Elena Ramirez,elena.ram@yahoo.com,Chicago,BR,Consumer
1245220,Aiden Lewis,aiden300@icloud.com,Denver,DE,Consumer
861974,Santiago Cisse,scisse@gmail.com,Phoenix,US,Corporate
834975,Ricardo Gonzalez,rgonzalez@gmail.com,Portland,US,Consumer
768757,Maryam Awad,mawad@gmail.com,Columbus,IN,Corporate
738072,Aisha Eze,aeze@yahoo.com,Philadelphia,CA,Consumer
1755384,Kevin Morgan,kevin.morgan@gmail.com,Jacksonville,US,Corporate
961858,Adaeze Owusu,adaeze71@gmail.com,Austin,US,Consumer
98002,Ethan Davis,ethan.dav@icloud.com,Phoenix,US,Consumer
397299,Tobias White,tobias861@gmail.com,Philadelphia,IN,Corporate
384738,Femi Boateng,femi.boa@yahoo.com,Denver,CA,Corporate
531115,Bo Zhang,bozhang@gmail.com,Los Angeles,DE,Corporate
1460649,Oliver Reed,oliver936@protonmail.com,Charlotte,US,Corporate
17730,Hana Ibrahim,hana_ibr@outlook.com,Austin,IN,Consumer
767843,Kimberly Wilson,kimberlywilson@outlook.com,Austin,US,Corporate
403458,Anil Singh,anil.singh@outlook.com,Boston,DE,Corporate
210425,Lucas Evans,lucas748@outlook.com,New York,CA,Corporate
1709398,Hana Ali,hana72@protonmail.com,Los Angeles,DE,Home Office
1114267,Neha Desai,neha.des@gmail.com,Chicago,US,Consumer
967231,Elijah Adams,elijah198@yahoo.com,San Antonio,US,Corporate
298626,Emily Johnson,ejohnson@gmail.com,Nashville,IN,Corporate
331743,Louise Blanc,louise_blanc@gmail.com,New York,DE,Consumer
1265379,Pablo Rivera,pablo470@outlook.com,Houston,US,Corporate
610079,Noah Miller,noah599@outlook.com,Boston,BR,Consumer
403700,Juliette Girard,jgirard@outlook.com,San Jose,US,Corporate
1948845,Linda Cooper,linda_coo@protonmail.com,Fort Worth,US,Corporate
787065,Bo Koch,bo974@gmail.com,Phoenix,DE,Home Office
1132318,Anjali Kapoor,anjali.kap@protonmail.com,Nashville,IN,Consumer
1480535,Zara Owusu,zowusu@gmail.com,Nashville,US,Corporate
1240538,Deborah Evans,deborah.eva@gmail.com,Denver,US,Consumer
533226,Darius Wagner,dwagner@gmail.com,Phoenix,CA,Consumer
1236091,Barbara Evans,barbaraeva@outlook.com,Charlotte,US,Consumer
1150027,Harper Carter,harper_car@hotmail.com,San Diego,UK,Consumer
47883,Matthias Lange,matthias754@yahoo.com,Charlotte,US,Consumer
409997,Brian Johnson,brianjohnson@gmail.com,Dallas,DE,Consumer
166212,Aminata Cisse,aminata64@gmail.com,Los Angeles,UK,Consumer
168929,Hamza Karim,hamza.kar@gmail.com,Phoenix,DE,Consumer
1180702,Joseph Martin,joseph391@gmail.com,Philadelphia,UK,Corporate
942797,Javier Moreno,javiermoreno@icloud.com,Charlotte,IN,Corporate
1275216,Chioma Mensah,cmensah@icloud.com,Chicago,BR,Home Office
1210320,Betty Morgan,bettymorgan@gmail.com,Austin,US,Consumer
1235922,David Jones,djones@outlook.com,San Diego,DE,Consumer
1311479,Giovanni Mancini,gmancini@icloud.com,San Antonio,UK,Consumer
1964011,Rosa Patel,rpatel@icloud.com,Houston,DE,Consumer
713745,Claudia Morales,claudia161@gmail.com,Austin,UK,Home Office
1317381,Rebecca Carter,rcarter@hotmail.com,Columbus,DE,Consumer
1397788,Hector Reyes,hector.reyes@icloud.com,Houston,UK,Consumer
1279598,Niklas Hoffmann,niklas2@outlook.com,Nashville,CA,Consumer
1851138,Ji-hoon Kim,jihoonkim@gmail.com,Austin,DE,Home Office
473428,Daniel Young,daniel.you@gmail.com,Dallas,US,Consumer
420301,Joseph Ndiaye,joseph171@gmail.com,Boston,CA,Corporate
569775,Carol Wilson,carol.wilson@gmail.com,Austin,US,Corporate
363502,Sanjay Sharma,sanjay272@gmail.com,San Jose,UK,Corporate
1493426,Hui Green,hgreen@gmail.com,Portland,US,Home Office
103371,James Cox,jamescox@icloud.com,Chicago,UK,Consumer
636464,Nathalie Faure,nathalie166@icloud.com,Jacksonville,US,Consumer
1132936,Diego Moreno,dmoreno@gmail.com,Portland,US,Consumer
1240615,Marisol Ramirez,marisol341@outlook.com,Austin,US,Consumer
1949467,Kai Zheng,kai.zheng@outlook.com,Columbus,UK,Consumer
625805,Ashley Harris,aharris@icloud.com,Chicago,IN,Consumer
1568589,Laura Phillips,laura333@gmail.com,Columbus,UK,Consumer
1482104,Matthias Fischer,matthias682@gmail.com,Columbus,US,Consumer
65783,Louise Moreau,louisemoreau@yahoo.com,Nashville,US,Consumer
1030958,Sarah Johnson,sarah596@gmail.com,Charlotte,DE,Corporate
1289463,Nancy Bell,nancy316@gmail.com,San Antonio,DE,Consumer
1018546,Chloe Adams,chloeada@gmail.com,Houston,DE,Corporate
816702,Nicolas Blanc,nblanc@gmail.com,Columbus,DE,Home Office
727127,Chloe Young,cyoung@gmail.com,Houston,IN,Corporate
63459,Amanda Scott,amanda157@outlook.com,Phoenix,IN,Consumer
57718,Thomas Taylor,ttaylor@gmail.com,Denver,US,Consumer
1010440,Valentina Castillo,vcastillo@gmail.com,San Jose,US,Corporate
1149554,Akari Sato,asato@gmail.com,Philadelphia,US,Consumer
286360,Louis Andre,landre@outlook.com,Phoenix,CA,Corporate
754544,Pallavi Shah,pallavi.sha@gmail.com,Nashville,DE,Corporate
1402467,Layla Karim,layla396@gmail.com,Boston,IN,Consumer
159986,Do-yun Lee,doyun.lee@gmail.com,Austin,IN,Home Office
203954,Tariq Mansour,tariq.mansour@hotmail.com,Austin,UK,Corporate
989037,Kavya Gupta,kavya.gupta@outlook.com,Seattle,BR,Consumer
1914506,Mark Simon,mark.sim@protonmail.com,Denver,US,Consumer
1708437,Rashid Khoury,rkhoury@gmail.com,New York,CA,Corporate
824541,Juana Aguilar,juanaaguilar@icloud.com,Seattle,UK,Corporate
1797395,Vidya Shah,vidyasha@outlook.com,Boston,US,Consumer
1099043,Ritu Cisse,ritu_cis@protonmail.com,Houston,IN,Consumer
808391,Sandra Lewis,sandra252@gmail.com,Seattle,BR,Home Office
772591,Beatriz Torres,beatriz393@icloud.com,Phoenix,DE,Consumer
798328,Lakshmi Kapoor,lakshmi332@protonmail.com,Nashville,US,Consumer
1505629,Nikhil Iyer,nikhil_iyer@yahoo.com,Nashville,DE,Consumer
55304,Marlene Schmidt,marlenesch@gmail.com,Boston,US,Corporate
1876101,Isabella Cruz,isabella580@gmail.com,Denver,US,Corporate
1588630,Zahra Khoury,zahra_khoury@yahoo.com,Austin,US,Consumer
1341204,Sandra Phillips,sandraphillips@icloud.com,Philadelphia,US,Corporate
1966688,Caleb Wilson,caleb_wilson@gmail.com,Chicago,DE,Consumer
1544499,Gabriela Desai,gabrieladesai@outlook.com,Los Angeles,US,Corporate
655384,Patricia Davis,patricia841@yahoo.com,Charlotte,UK,Consumer
1213732,Mathieu Martin,mathieu_mar@outlook.com,Philadelphia,UK,Consumer
1533213,Andrew Wilson,andrew784@gmail.com,Denver,US,Corporate
56072,Obi Adeyemi,oadeyemi@protonmail.com,Denver,IN,Consumer
1301984,Pranav Singh,pranav736@yahoo.com,Columbus,IN,Consumer
757458,Catalina Gonzalez,cgonzalez@gmail.com,San Antonio,IN,Consumer
1048458,Deepa Rao,deepa.rao@gmail.com,Chicago,BR,Consumer
1598571,Jian Zhou,jzhou@outlook.com,Denver,IN,Consumer
679355,Marion Liang,mliang@hotmail.com,Boston,US,Home Office
1547705,Ananya Joshi,ajoshi@gmail.com,San Antonio,US,Consumer
1922785,Valentina Ferrari,valentina97@yahoo.com,Charlotte,US,Corporate
1211625,Peng Song,psong@outlook.com,Austin,DE,Consumer
347089,Radha Hegde,radhaheg@outlook.com,Chicago,UK,Home Office
666126,Chiara Lombardi,chiaralombardi@gmail.com,San Antonio,US,Consumer
1937936,Ines Ortiz,ines.ort@gmail.com,Phoenix,IN,Consumer
910747,Ritu Bose,ritu.bose@gmail.com,Denver,BR,Consumer
1545083,Vijay Shah,vijay.sha@gmail.com,Austin,UK,Consumer
596161,Vijay Mukherjee,vmukherjee@yahoo.com,Boston,IN,Corporate
106293,James Nelson,jnelson@protonmail.com,Dallas,UK,Consumer
1624440,Catalina Torres,catalina_tor@icloud.com,Columbus,UK,Home Office
825409,Simone Eze,simone614@yahoo.com,Portland,US,Consumer
1194098,Abena Ndiaye,abena.ndi@gmail.com,Houston,BR,Consumer
621095,Tae-yang Yoon,taeyang.yoon@hotmail.com,San Diego,CA,Consumer
1435413,Michael Thomas,mthomas@gmail.com,Fort Worth,DE,Consumer
84170,Hannah Davis,hdavis@gmail.com,Nashville,US,Consumer
169871,Ricardo Torres,ricardo.tor@gmail.com,New York,US,Consumer
1972684,Gabriela Turner,gabrielaturner@gmail.com,New York,US,Home Office
768645,Wolfgang Weber,wolfgang729@hotmail.com,Houston,UK,Home Office
197900,Ananya Williams,ananyawil@icloud.com,Phoenix,IN,Consumer
1113506,Jeffrey Allen,jeffrey.allen@outlook.com,Columbus,US,Home Office
1527949,Patricia Martinez,patricia.martinez@gmail.com,Boston,US,Consumer
1344466,Sakura Nakamura,sakura.nakamura@gmail.com,Columbus,IN,Consumer
127625,Patricia Cox,patricia739@gmail.com,Chicago,US,Corporate
353803,Nisha Gupta,nisha813@hotmail.com,Fort Worth,UK,Consumer
410889,Wei Xie,wei.xie@gmail.com,Portland,US,Home Office
646402,Ricardo Medina,ricardo506@gmail.com,Portland,BR,Consumer
1356418,Julien Girard,julien.gir@gmail.com,San Jose,DE,Home Office
1119895,Farah Sayegh,farah.sayegh@icloud.com,Philadelphia,CA,Consumer
1108975,Aishwarya Chopra,aishwarya.chopra@gmail.com,New York,US,Consumer
1019997,Katharina Schmitt,kschmitt@outlook.com,Jacksonville,US,Consumer
434127,Sarah Taylor,sarah873@gmail.com,Austin,US,Corporate
876244,Suresh Agarwal,suresh26@gmail.com,San Antonio,UK,Consumer
1619747,Rahul Hegde,rahul747@gmail.com,San Antonio,DE,Consumer
888009,James Thompson,jthompson@icloud.com,Charlotte,UK,Corporate
323428,Soo-ah Kim,sooah.kim@gmail.com,Nashville,US,Consumer
1765732,Gabriel Faure,gfaure@protonmail.com,Houston,US,Consumer
1317656,Ashley Taylor,ashley.tay@yahoo.com,Houston,US,Home Office
1788256,Elena Cruz,elena.cru@gmail.com,New York,US,Consumer
631975,Anna Krüger,annakrger@gmail.com,Philadelphia,DE,Consumer
390219,Lucas Allen,lallen@gmail.com,Fort Worth,IN,Home Office
256542,Fang Chen,fang163@icloud.com,New York,US,Consumer
179255,Anthony Campbell,acampbell@yahoo.com,Dallas,US,Consumer
1115080,Sandra Turner,sandra478@outlook.com,Houston,UK,Consumer
447586,Mia Morris,miamorris@gmail.com,Portland,CA,Home Office
1010019,Ashley Campbell,acampbell@icloud.com,Dallas,US,Consumer
826714,Anna Costa,annacosta@gmail.com,San Antonio,US,Corporate
326441,Juan Luo,jluo@gmail.com,Charlotte,UK,Corporate
1575659,Kavya Walker,kavya.wal@gmail.com,Boston,US,Corporate
630076,Chao Sun,chaosun@yahoo.com,Los Angeles,US,Consumer
1834145,Ryan Williams,ryan_williams@outlook.com,Los Angeles,US,Consumer
1799549,Mary Johnson,mjohnson@outlook.com,San Diego,IN,Home Office
927033,Zainab Asante,zasante@gmail.com,Portland,IN,Consumer
196076,Oscar Gutierrez,oscar.gutierrez@protonmail.com,Philadelphia,UK,Corporate
159457,Steven Taylor,staylor@icloud.com,Portland,DE,Corporate
787767,Hannah Stewart,hstewart@hotmail.com,Seattle,BR,Consumer
895391,Akosua Nwosu,akosua.nwosu@icloud.com,Fort Worth,CA,Corporate
1230539,Jason Adams,jason_adams@gmail.com,San Antonio,CA,Consumer
940515,Daniel Brown,daniel332@hotmail.com,Fort Worth,UK,Consumer
1781718,Antonio Gallo,antonio.gallo@gmail.com,San Diego,DE,Consumer
218421,Charles Williams,charles251@yahoo.com,Boston,IN,Consumer
1506987,Arun Desai,adesai@gmail.com,New York,US,Corporate
1001150,Andrea Rizzo,andrea263@icloud.com,Denver,DE,Corporate
1966705,Aditya Song,aditya.son@outlook.com,Dallas,UK,Home Office
1906632,Christopher Davis,christopher.dav@outlook.com,Houston,US,Consumer
444638,Suresh Gupta,suresh.gup@outlook.com,Columbus,UK,Consumer
942222,Jessica Taylor,jessicatay@gmail.com,Phoenix,CA,Consumer
783937,Joon-woo Shin,joonwoo_shin@outlook.com,Portland,UK,Consumer
1273098,Yong Guo,yguo@gmail.com,Columbus,BR,Corporate
937662,Vidya Verma,vidya970@outlook.com,Philadelphia,UK,Consumer
61971,Marco Ferrari,marco_fer@yahoo.com,Seattle,IN,Consumer
1688766,Sharon Taylor,staylor@hotmail.com,Portland,IN,Corporate
135359,Grace Allen,gallen@gmail.com,Boston,BR,Consumer
1442686,Yu-na Kwon,yuna788@gmail.com,Fort Worth,US,Consumer
768842,Ricardo Evans,ricardoeva@gmail.com,Nashville,DE,Corporate
464682,Huda Gutierrez,huda.gut@yahoo.com,Portland,IN,Consumer
251506,Ines Morales,imorales@outlook.com,Philadelphia,IN,Corporate
625822,Leonardo Ricci,leonardo.ricci@outlook.com,Houston,DE,Home Office
841150,Donald Miller,donald_mil@gmail.com,Columbus,BR,Home Office
368538,Hugo Leroy,hleroy@gmail.com,Fort Worth,DE,Corporate
1541458,Julia Hoffmann,julia.hoffmann@gmail.com,Chicago,US,Consumer
672338,Rekha Adeyemi,rekha.ade@gmail.com,San Jose,US,Corporate
150796,Greta Rizzo,gretarizzo@gmail.com,Jacksonville,US,Consumer
592999,Pranav Patel,pranavpatel@gmail.com,San Jose,UK,Consumer
1927720,Maximilian Schmidt,mschmidt@yahoo.com,Denver,DE,Consumer
1296566,Mark Murphy,mark.murphy@icloud.com,Nashville,DE,Consumer
628431,Jessica Brown,jbrown@gmail.com,Nashville,CA,Consumer
1641062,Lisa Mukherjee,lisamukherjee@gmail.com,Fort Worth,CA,Corporate
171283,Maryam Sayegh,msayegh@protonmail.com,Charlotte,BR,Corporate
1174696,Steven Robinson,steven.rob@gmail.com,Los Angeles,UK,Corporate
165898,Qing Xu,qing.xu@hotmail.com,San Antonio,DE,Consumer
1960637,Mason Stewart,mason789@protonmail.com,Nashville,BR,Consumer
19025,Amit Bhat,amit.bha@outlook.com,Jacksonville,US,Corporate
261623,Melissa Howard,melissa.how@gmail.com,San Diego,UK,Corporate
997673,Emma Green,egreen@outlook.com,Philadelphia,BR,Home Office
1022208,Cheng Tang,cheng461@gmail.com,Austin,UK,Consumer
835447,Marion Durand,marion_durand@outlook.com,Boston,US,Consumer
1610002,Steven Reed,steven_reed@outlook.com,Columbus,BR,Consumer
1629619,Lucas Morgan,lmorgan@outlook.com,Nashville,IN,Corporate
1044931,Ethan Walker,ewalker@gmail.com,Charlotte,DE,Corporate
17934,Aishwarya Malhotra,aishwarya.malhotra@outlook.com,Fort Worth,US,Consumer
325889,Karen Adams,karen.adams@hotmail.com,Austin,IN,Consumer
732477,Michael Green,michael_gre@gmail.com,Los Angeles,US,Home Office
1256517,Adaeze Fournier,adaeze131@gmail.com,Charlotte,US,Home Office
929016,Sebastian Zimmermann,sebastian_zim@yahoo.com,Nashville,DE,Consumer
498221,Jason Williams,jason713@outlook.com,New York,IN,Consumer
626894,William Adams,wadams@gmail.com,Nashville,UK,Corporate
528818,Kazuki Suzuki,kazuki_suz@gmail.com,San Jose,BR,Consumer
1321536,Emma Lewis,emma.lewis@icloud.com,Nashville,BR,Corporate
234538,Evelyn Haddad,evelyn_haddad@protonmail.com,Denver,CA,Consumer
593183,Yun Liang,yunliang@outlook.com,San Diego,BR,Home Office
1488233,Hiroshi Yoshida,hiroshi.yos@gmail.com,Austin,CA,Consumer
512110,Jennifer Anderson,jennifer_anderson@outlook.com,San Antonio,IN,Consumer
251555,Robert Edwards,robert927@protonmail.com,San Antonio,US,Consumer
1609990,Pascal Martin,pascalmartin@outlook.com,Los Angeles,IN,Home Office
912740,Fernando Ruiz,fernando984@gmail.com,San Diego,US,Consumer
305568,Donald Adams,donaldadams@icloud.com,Charlotte,IN,Corporate
945540,Anil Nair,anil.nair@hotmail.com,Austin,US,Home Office
1251653,Mia Wright,mia.wright@gmail.com,Houston,US,Consumer
1646542,Rohan Agarwal,rohan672@protonmail.com,Columbus,US,Corporate
1237530,Caleb Williams,cwilliams@icloud.com,Houston,IN,Consumer
418155,Claudia Gutierrez,claudiagutierrez@icloud.com,Chicago,US,Home Office
1064083,Emma Wright,emma.wright@gmail.com,Charlotte,US,Home Office
877893,Ji-ho Hwang,jhwang@gmail.com,Houston,US,Consumer
1659311,Rebecca Miller,rebecca.miller@gmail.com,Los Angeles,DE,Corporate
358805,Carol Mitchell,carol482@gmail.com,Nashville,BR,Home Office
317539,Noah Lewis,noah48@gmail.com,Phoenix,IN,Corporate
1160538,Long Murphy,long.murphy@icloud.com,Portland,BR,Corporate
1533810,Hyun-woo Kim,hyunwookim@outlook.com,Austin,IN,Corporate
1452984,Bin Cao,bincao@gmail.com,Phoenix,US,Consumer
496507,Lisa Lewis,llewis@icloud.com,Charlotte,US,Corporate
1795945,Mason Adams,mason695@gmail.com,Columbus,DE,Corporate
893819,Sebastian Chavez,sebastianchavez@gmail.com,Nashville,US,Corporate
729962,Ryan Vasquez,ryan_vasquez@outlook.com,Fort Worth,UK,Home Office
1906407,Lina Awad,linaawad@gmail.com,Portland,UK,Corporate
1481159,Donald Roberts,droberts@icloud.com,Dallas,US,Consumer
417804,Yong Bell,yong397@gmail.com,Houston,US,Consumer
549551,Suresh Joshi,suresh602@gmail.com,Portland,BR,Consumer
83034,Henry Cook,henry.cook@gmail.com,Austin,IN,Consumer
1750712,Giuseppe Ferrari,gferrari@outlook.com,Chicago,US,Consumer
1447656,Aiden Richardson,aidenric@yahoo.com,San Jose,BR,Consumer
815920,Melissa Ward,melissa662@icloud.com,Austin,US,Home Office
1243042,Robert Collins,rcollins@outlook.com,Houston,BR,Home Office
740753,Rebecca Williams,rebeccawil@protonmail.com,Los Angeles,UK,Consumer
1485399,Gabriela Ramirez,gabriela272@hotmail.com,Los Angeles,DE,Corporate
917281,Raul Martinez,raulmar@gmail.com,Jacksonville,UK,Corporate
586365,Monika Schmidt,monikasch@gmail.com,San Jose,IN,Consumer
145091,Jules Girard,jules_gir@hotmail.com,Fort Worth,US,Home Office
1907635,Manuel Rivera,manuel.rivera@gmail.com,Los Angeles,US,Consumer
816219,Varun Chopra,vchopra@protonmail.com,Phoenix,US,Consumer
274291,Mary Bell,mary91@gmail.com,Chicago,CA,Consumer
213304,Lukas Wolf,lukas560@gmail.com,Phoenix,US,Corporate
565731,Obi Adeyemi,obi.ade@gmail.com,Los Angeles,BR,Consumer
178724,Claudia Mendoza,cmendoza@gmail.com,New York,DE,Corporate
245585,Sophia Roberts,sophia_roberts@gmail.com,Seattle,US,Consumer
587143,Oscar Romero,oscar_romero@outlook.com,San Diego,UK,Home Office
1547691,Carol Allen,carol_all@gmail.com,Denver,US,Home Office
1080847,Paul Murphy,pmurphy@outlook.com,Dallas,US,Corporate
1263641,Feng Sun,feng_sun@hotmail.com,Fort Worth,BR,Consumer
868105,Sophia Thomas,sophia897@gmail.com,Dallas,CA,Home Office
1983525,Lucia Medina,lucia_med@icloud.com,Seattle,IN,Corporate
349768,Joshua Miller,joshua_mil@gmail.com,Austin,UK,Corporate
1937479,Kiran Nair,kiran.nai@outlook.com,Los Angeles,DE,Home Office
270556,Nour Awad,nawad@outlook.com,Nashville,CA,Corporate
1288435,Malik Adeyemi,malikade@gmail.com,Boston,IN,Consumer
110459,Melissa Boateng,melissa807@outlook.com,Chicago,BR,Consumer
438711,Aiden Bell,abell@outlook.com,San Antonio,US,Corporate
1859421,Sandra Collins,sandra.collins@gmail.com,Austin,US,Consumer
200941,Grace Johnson,grace592@outlook.com,Philadelphia,CA,Corporate
272953,Susan Brown,susan903@gmail.com,Phoenix,US,Consumer
1752823,Zaid Khoury,zaid901@yahoo.com,Jacksonville,US,Corporate
798906,Tyrone Traore,tyrone.traore@yahoo.com,Houston,UK,Consumer
1920246,Caleb Jackson,caleb.jac@icloud.com,Chicago,UK,Consumer
1913822,Abigail Taylor,abigail.taylor@outlook.com,Phoenix,IN,Corporate
1059775,Martina Lombardi,martinalombardi@icloud.com,San Antonio,IN,Consumer
693611,Mary Morris,mmorris@outlook.com,San Jose,UK,Consumer
1107699,Andreas Fischer,andreasfischer@yahoo.com,San Jose,DE,Home Office
790460,Andrew Green,andrew.green@hotmail.com,Portland,DE,Consumer
1002758,Veronica Alvarez,valvarez@gmail.com,Jacksonville,UK,Home Office
1040746,Olivier Blanc,olivier.blanc@yahoo.com,Fort Worth,UK,Corporate
183886,Karim Said,karim.said@yahoo.com,San Diego,UK,Consumer
1062835,Petra Werner,petra.werner@gmail.com,Boston,US,Home Office
521003,Akari Tanaka,akaritanaka@outlook.com,Houston,DE,Consumer
1429098,Oliver Adams,oliver.ada@gmail.com,Nashville,BR,Consumer
509856,Obi Mensah,omensah@gmail.com,Philadelphia,US,Corporate
1100029,Michelle Campbell,michelle.campbell@icloud.com,San Antonio,BR,Corporate
1289873,Luis Ruiz,luisrui@gmail.com,Jacksonville,DE,Home Office
206413,Henry Adams,henry.adams@outlook.com,Chicago,DE,Home Office
724676,Ama Traore,amatra@gmail.com,Columbus,IN,Consumer
975856,Antonio Greco,antonio.greco@gmail.com,Nashville,DE,Consumer
1679292,Paula Castillo,pcastillo@gmail.com,Chicago,DE,Corporate
911856,Marco Russo,marcorusso@gmail.com,San Antonio,UK,Corporate
1405984,Owen Allen,owen233@gmail.com,Charlotte,US,Consumer
630070,Jorge Gomez,jgomez@gmail.com,Nashville,US,Consumer
135288,Yun Walker,yun.walker@gmail.com,Dallas,DE,Corporate
1140388,Pooja Kulkarni,pkulkarni@icloud.com,Philadelphia,BR,Consumer
591759,Adaeze Mensah,adaeze.men@yahoo.com,Nashville,US,Consumer
1179896,Pranav Sharma,pranav215@yahoo.com,Nashville,US,Home Office
1639173,Antoine Morel,antoine701@gmail.com,Jacksonville,BR,Corporate
170522,Abigail Cook,abigail.cook@gmail.com,Columbus,BR,Corporate
1908859,Arun Joshi,ajoshi@icloud.com,Nashville,UK,Corporate
602502,Aditya Verma,adityaverma@outlook.com,Columbus,US,Consumer
1426603,Ama Okeke,ama150@gmail.com,Charlotte,DE,Corporate
520531,Javier Perez,javierperez@gmail.com,Columbus,US,Consumer
1225793,Jack Mitchell,jack_mitchell@yahoo.com,Seattle,DE,Home Office
1059917,Matthew Morgan,matthew.morgan@gmail.com,Dallas,UK,Consumer
1936422,Kiran Desai,kiran.des@icloud.com,Boston,DE,Consumer
6374,Gabriel Garcia,gabriel210@gmail.com,Fort Worth,US,Consumer
623354,Michelle Morgan,michelle251@gmail.com,Seattle,CA,Corporate
689405,Liam Wilson,lwilson@gmail.com,Fort Worth,US,Consumer
1458001,Antonio Ramirez,antonio.ramirez@yahoo.com,Dallas,US,Consumer
574021,Miguel Diaz,miguel.diaz@protonmail.com,Denver,US,Consumer
241867,Charlotte Scott,cscott@icloud.com,Chicago,DE,Home Office
1006442,Niklas Zimmermann,niklaszim@gmail.com,Boston,US,Consumer
1907473,Divya Chopra,divya.chopra@outlook.com,Charlotte,US,Consumer
797958,Alejandro Morales,alejandromor@outlook.com,Jacksonville,BR,Consumer
1111771,Lena Jung,lenajun@icloud.com,Denver,IN,Corporate
1933777,Giorgia DeLuca,giorgia.deluca@gmail.com,Denver,US,Corporate
1482526,Edward Adams,edward.ada@gmail.com,San Diego,BR,Consumer
1040476,Takumi Kobayashi,takumi910@gmail.com,Jacksonville,UK,Consumer
1338345,Ronald Thomas,ronaldtho@gmail.com,Nashville,US,Consumer
206746,Jennifer Johnson,jennifer302@yahoo.com,Fort Worth,IN,Corporate
1182521,Maximilian Braun,maximilian804@protonmail.com,Denver,BR,Corporate
1668985,Liam Carter,liam164@outlook.com,Columbus,US,Corporate
645171,Maryam Mansour,maryam.mansour@outlook.com,San Diego,US,Consumer
1783327,Aiden Parker,aidenparker@protonmail.com,Dallas,US,Consumer
1227200,Charlotte Jackson,charlotte729@gmail.com,Portland,CA,Consumer
923279,Ming Liang,mliang@gmail.com,Los Angeles,US,Home Office
434803,Laura Mitchell,laura.mitchell@outlook.com,Philadelphia,DE,Consumer
1926420,Pooja Nair,pooja_nai@gmail.com,Fort Worth,US,Corporate
885498,Sekou Boateng,sekou356@outlook.com,New York,BR,Corporate
1057869,Matteo Ferrari,matteofer@gmail.com,Charlotte,US,Corporate
95928,Sunita Iyer,sunita_iye@outlook.com,Philadelphia,CA,Home Office
1081327,Suresh Hegde,suresh_hegde@outlook.com,Philadelphia,US,Home Office
590787,Emeka Camara,ecamara@gmail.com,Portland,BR,Consumer
1976909,Amelia Harris,aharris@gmail.com,Denver,US,Corporate
235527,Karen Martin,karenmar@yahoo.com,Boston,UK,Corporate
95375,Andrew Harris,andrew302@yahoo.com,San Antonio,IN,Home Office
1199908,Pablo Garcia,pablo.gar@gmail.com,Nashville,BR,Consumer
812471,Lena Meyer,lena_meyer@gmail.com,Columbus,IN,Home Office
868313,Beatriz Martinez,beatriz.mar@icloud.com,Charlotte,DE,Consumer
1324498,Jack Baker,jack.bak@hotmail.com,Los Angeles,DE,Home Office
1294574,Nathalie Moreau,nathaliemor@outlook.com,Boston,CA,Corporate
958563,Jack Turner,jack981@protonmail.com,Dallas,US,Corporate
1329554,Varun Pillai,varun495@gmail.com,Jacksonville,US,Consumer
961529,Woo-jin Kim,woojin.kim@gmail.com,Austin,US,Corporate
1287548,Charles Turner,charles.tur@gmail.com,Seattle,IN,Home Office
542570,Olivia Walker,owalker@outlook.com,Denver,IN,Consumer
952088,Andrew Wright,awright@icloud.com,Denver,IN,Corporate
1760112,Owen Young,owen.you@icloud.com,Denver,US,Consumer
385478,Anna Neumann,anna.neu@icloud.com,San Diego,US,Home Office
1326776,Mason Rogers,mason.rogers@yahoo.com,Austin,DE,Consumer
1927510,Chae-won Hegde,chaewon_heg@outlook.com,Nashville,IN,Consumer
1137980,Manuel Mendoza,manuelmen@outlook.com,Jacksonville,IN,Consumer
406113,Giulia Greco,ggreco@gmail.com,Austin,IN,Consumer
1701902,David Murphy,david_murphy@gmail.com,Dallas,DE,Consumer
1012753,Teresa Gutierrez,teresa140@gmail.com,New York,IN,Corporate
1155733,Karim Hassan,karim.has@gmail.com,Jacksonville,IN,Corporate
490054,Teresa Walker,teresawalker@protonmail.com,Houston,US,Consumer
114976,Jason Bailey,jbailey@gmail.com,Jacksonville,UK,Consumer
1293821,Hamza Khoury,hamza.kho@icloud.com,Seattle,US,Corporate
1938299,Zara Okonkwo,zara866@protonmail.com,Houston,BR,Consumer
1747493,Mary Cook,mcook@gmail.com,Charlotte,UK,Corporate
98047,Joshua Collins,joshua904@gmail.com,Columbus,IN,Home Office
1794515,Fatou Ndiaye,fatou.ndi@outlook.com,San Antonio,IN,Consumer
384549,Ines Aguilar,iaguilar@outlook.com,Denver,CA,Corporate
1465471,Rebecca Cook,rebecca_cook@outlook.com,New York,UK,Consumer
34342,Jules Andre,jules966@gmail.com,San Antonio,DE,Consumer
520807,Beatriz Medina,beatrizmed@hotmail.com,Portland,IN,Consumer
427865,Elizabeth Nair,elizabeth.nai@gmail.com,Dallas,IN,Consumer
1028176,Christopher Hall,christopher.hall@gmail.com,Los Angeles,UK,Corporate
825619,Hong Cao,hong.cao@protonmail.com,Chicago,BR,Home Office
774840,Yuto Kimura,ykimura@yahoo.com,Fort Worth,CA,Consumer
570565,Anthony Miller,anthony_mil@gmail.com,Charlotte,UK,Consumer
998844,Ute Richter,urichter@gmail.com,Jacksonville,UK,Corporate
609562,Camila Jimenez,camila483@gmail.com,Fort Worth,US,Consumer
1237065,Grace Hall,grace.hal@protonmail.com,Philadelphia,IN,Home Office
582134,Jun Han,jun205@gmail.com,Nashville,BR,Consumer
119655,Rohan Menon,rohan.menon@gmail.com,Seattle,US,Home Office
847618,Joseph Ward,joseph_ward@icloud.com,San Diego,DE,Home Office
458081,Olivia Reed,olivia283@gmail.com,Denver,US,Consumer
1553528,Hannah Wang,hwang@yahoo.com,Seattle,UK,Consumer
1913913,Andrew Taylor,andrew571@outlook.com,Seattle,DE,Home Office
543612,Mark Williams,mark186@outlook.com,Nashville,UK,Corporate
24163,Elijah Young,elijahyou@outlook.com,Philadelphia,UK,Consumer
9300,Nour Haddad,nour.had@hotmail.com,Portland,IN,Corporate
547838,Noah Scott,noah599@gmail.com,Dallas,CA,Home Office
394254,Giulia Giordano,giulia989@yahoo.com,Denver,DE,Home Office
256571,Sophia Baker,sbaker@outlook.com,Boston,DE,Consumer
1611269,Leon Wagner,leonwag@gmail.com,New York,US,Corporate
1815897,Owen Cooper,owen.cooper@yahoo.com,Austin,US,Corporate
1296443,Chloe Stewart,chloestewart@gmail.com,San Diego,UK,Corporate
1593440,Anna Wolf,awolf@gmail.com,Nashville,BR,Consumer
59023,Harper Hall,hhall@gmail.com,Houston,DE,Consumer
1362871,Na Gao,na763@hotmail.com,Portland,UK,Consumer
1741303,Faisal Ali,faisal146@hotmail.com,Dallas,UK,Corporate
322547,Tao Huang,thuang@outlook.com,Columbus,BR,Consumer
1740113,Lisa Wright,lisawri@protonmail.com,Phoenix,BR,Consumer
1121306,Deepa Banerjee,deepa.ban@protonmail.com,New York,US,Corporate
1843741,Kenneth Smith,kenneth223@gmail.com,New York,IN,Consumer
1677117,Amadou Keita,amadou.keita@yahoo.com,New York,CA,Consumer
1393157,Aurelie Michel,aurelie.mic@gmail.com,Seattle,UK,Corporate
626738,Arun Hegde,arun_hegde@outlook.com,San Antonio,US,Home Office
1057534,Stephanie Bell,stephaniebel@protonmail.com,Philadelphia,BR,Corporate
1562254,Takeshi Nakamura,tnakamura@gmail.com,San Antonio,DE,Consumer
666845,Nia Okeke,nokeke@gmail.com,Jacksonville,BR,Consumer
1308128,Dorothy Phillips,dphillips@gmail.com,Los Angeles,IN,Consumer
1502661,Valentina Martinez,valentinamar@outlook.com,Austin,US,Home Office
1827346,Carol Richardson,crichardson@outlook.com,Dallas,US,Consumer
1008627,Ananya Hegde,ananya893@outlook.com,Jacksonville,US,Consumer
1450209,Yaw Traore,yaw.traore@yahoo.com,Jacksonville,US,Corporate
574034,Aiden Jackson,ajackson@protonmail.com,Columbus,DE,Home Office
779343,Mia Morgan,mia732@gmail.com,Boston,CA,Corporate
778694,Sanjay Verma,sanjay115@hotmail.com,Chicago,UK,Consumer
422724,Kojo Sane,kojo_san@gmail.com,Columbus,DE,Consumer
756363,Amira Bailey,amira343@yahoo.com,Nashville,IN,Consumer
1138883,Louise Simon,louise.simon@gmail.com,Nashville,US,Home Office
1271452,Noah Harris,nharris@outlook.com,New York,US,Consumer
178336,Emeka Owusu,emeka.owu@gmail.com,Jacksonville,DE,Consumer
1961603,Varun Reddy,varun.red@gmail.com,Nashville,DE,Consumer
423700,Neha Chopra,neha.chopra@gmail.com,Los Angeles,US,Consumer
1127922,Laura Rogers,lrogers@icloud.com,Denver,UK,Corporate
1048622,Da-eun Jung,daeun639@gmail.com,San Antonio,IN,Consumer
1253521,Lucas Taylor,lucas.tay@gmail.com,Dallas,CA,Consumer
788108,Camille Petit,camille772@outlook.com,Chicago,UK,Consumer
619177,Andrew Richardson,arichardson@protonmail.com,Columbus,IN,Corporate
511733,Betty Cooper,betty.cooper@protonmail.com,New York,CA,Consumer
796360,Layla Mansour,layla.man@outlook.com,Philadelphia,DE,Consumer
613560,Gaurav Luo,gaurav487@icloud.com,San Jose,US,Consumer
100910,John White,john.whi@gmail.com,Jacksonville,DE,Consumer
661426,George Rogers,george.rog@protonmail.com,Austin,BR,Corporate
381150,Elizabeth Jackson,ejackson@protonmail.com,Phoenix,BR,Corporate
1861473,Carlos Medina,cmedina@outlook.com,Portland,UK,Consumer
1498655,Kanon Yamamoto,kanon879@gmail.com,San Diego,BR,Consumer
980761,Francesco Moretti,francescomoretti@yahoo.com,Dallas,CA,Consumer
978114,Rajesh Verma,rverma@gmail.com,San Jose,US,Consumer
858958,Joon-woo Song,joonwoo.song@gmail.com,New York,DE,Consumer
1423125,Meera Hegde,mhegde@hotmail.com,Jacksonville,BR,Consumer
1508575,James Edwards,jamesedwards@gmail.com,San Jose,UK,Consumer
1355461,Carol Turner,cturner@outlook.com,Los Angeles,UK,Consumer
1215666,Mamadou Boateng,mboateng@gmail.com,Seattle,UK,Corporate
1299998,Ryan Bell,rbell@outlook.com,Denver,UK,Consumer
1986112,Steven Adams,steven.adams@protonmail.com,Denver,US,Consumer
1236617,Charlotte Martin,charlotte220@gmail.com,Philadelphia,US,Home Office
262656,Camille Dubois,cdubois@gmail.com,Austin,DE,Consumer
1012457,Anthony Thompson,anthony321@gmail.com,Charlotte,US,Consumer
1667704,Joseph Brown,josephbrown@gmail.com,New York,BR,Corporate
1684002,Aditya Bhat,aditya.bhat@outlook.com,Charlotte,IN,Corporate
1755022,Kimberly Cook,kimberly527@gmail.com,Austin,US,Consumer
1278388,Jing Zhu,jzhu@gmail.com,Portland,BR,Corporate
1576254,Ava Adams,ava.ada@gmail.com,Dallas,CA,Corporate
1662030,Thomas Collins,thomas18@gmail.com,Boston,IN,Home Office
1084,Charlotte Lewis,charlotte.lew@icloud.com,Columbus,UK,Corporate
1020475,Mia Cox,mia_cox@outlook.com,Houston,UK,Corporate
1483927,Christopher Jackson,christopher321@icloud.com,Seattle,UK,Consumer
1111224,Nancy Harris,nancy.har@yahoo.com,Chicago,US,Home Office
495208,Grace Cook,grace_coo@gmail.com,San Antonio,US,Consumer
1928405,Ming Zhu,mingzhu@gmail.com,New York,UK,Consumer
32418,Samir Khalil,skhalil@protonmail.com,Chicago,BR,Corporate
1214954,Aishwarya Shah,aishwaryasha@yahoo.com,Austin,US,Consumer
1741994,Dorothy Brown,dorothybro@icloud.com,San Jose,BR,Corporate
1935134,Lucia Herrera,lherrera@gmail.com,Los Angeles,UK,Corporate
1842684,William Carter,william.carter@protonmail.com,Portland,US,Consumer
1213643,Valentina Reyes,valentina.reyes@yahoo.com,Austin,BR,Corporate
1810871,Kiran Martin,kiran.martin@gmail.com,San Jose,US,Corporate
232593,Gabriel Laurent,gabriel_lau@gmail.com,Philadelphia,DE,Home Office
1003377,Jason Cook,jason417@gmail.com,Fort Worth,US,Consumer
1710883,Rashid Karim,rashid_karim@gmail.com,Houston,CA,Consumer
671963,Laura Reed,laura265@gmail.com,Philadelphia,UK,Corporate
79987,Anil Bose,anil_bos@hotmail.com,Fort Worth,US,Corporate
1693483,Lena Müller,lmller@hotmail.com,Denver,CA,Home Office
866033,Juana Gutierrez,juana.gut@gmail.com,San Antonio,US,Consumer
1252401,Charles White,charleswhi@gmail.com,San Diego,UK,Consumer
1137863,Camila Flores,cflores@yahoo.com,Jacksonville,IN,Consumer
1150935,Hong Luo,hong.luo@icloud.com,Columbus,US,Consumer
39392,Pablo Chavez,pablo.cha@icloud.com,San Diego,DE,Corporate
1101013,Ryan Campbell,ryan.cam@protonmail.com,Seattle,US,Consumer
1681213,Louis Petit,lpetit@outlook.com,Houston,UK,Home Office
1630994,Kenneth Thomas,kenneththo@gmail.com,Nashville,US,Consumer
1106587,Lucas Harris,lharris@gmail.com,Charlotte,BR,Consumer
1238952,Donald Lewis,donald.lew@gmail.com,Boston,IN,Home Office
1950146,Anil Bhat,anil435@yahoo.com,Chicago,US,Corporate
719148,Charles Cox,charles.cox@outlook.com,Seattle,UK,Corporate
1653374,Ama Toure,ama10@icloud.com,Dallas,UK,Consumer
1256564,Kojo Owusu,kojo778@protonmail.com,Phoenix,US,Corporate
224642,Ingrid Weber,ingrid.weber@gmail.com,Dallas,UK,Corporate
1439253,Olivia Ward,olivia.war@protonmail.com,Philadelphia,BR,Consumer
589216,Caleb Thompson,caleb590@gmail.com,Dallas,IN,Consumer
335882,Mary Jackson,mary_jac@yahoo.com,Fort Worth,BR,Consumer
447457,Hui Lin,huilin@yahoo.com,Austin,BR,Consumer
99006,Marisol Martinez,mmartinez@gmail.com,New York,US,Consumer
261325,Neha Malhotra,nehamalhotra@outlook.com,San Jose,DE,Consumer
1730457,Yuya Takahashi,yuyatak@yahoo.com,Jacksonville,DE,Consumer
1063358,Liam Adams,liam.adams@gmail.com,Dallas,IN,Corporate
395424,Sophia Wilson,swilson@protonmail.com,Boston,US,Consumer
1828149,Margaux Petit,margaux711@hotmail.com,Denver,BR,Home Office
137445,Lin Sun,lin.sun@icloud.com,Denver,US,Consumer
695866,Jason Allen,jallen@protonmail.com,Portland,US,Consumer
1717050,Mary Nelson,mnelson@outlook.com,San Jose,IN,Consumer
1065301,Ruben Vasquez,ruben433@gmail.com,Philadelphia,US,Consumer
1419958,Nikhil Mukherjee,nikhil.muk@protonmail.com,San Jose,BR,Corporate
382348,Yun Tang,yun_tan@icloud.com,Nashville,BR,Consumer
441524,Vittoria Russo,vittoria591@gmail.com,San Jose,US,Corporate
769769,Thomas Davis,thomas_davis@outlook.com,Phoenix,US,Consumer
265384,Daniel Murphy,daniel.murphy@outlook.com,Los Angeles,UK,Home Office
720397,Amit Kumar,akumar@gmail.com,Los Angeles,BR,Home Office
273678,Hui Han,hhan@gmail.com,Boston,US,Consumer
1058981,Betty Adams,bettyada@gmail.com,Houston,US,Home Office
1033496,Swati Menon,swati766@hotmail.com,Phoenix,UK,Consumer
1300843,Nia Jones,nia_jones@gmail.com,Charlotte,US,Corporate
926863,Charles Evans,charlesevans@icloud.com,San Jose,US,Corporate
1620454,Jurgen Fischer,jfischer@yahoo.com,Fort Worth,DE,Consumer
49491,Sandra Bell,sandra.bell@protonmail.com,Seattle,CA,Consumer
687174,Dorothy Parker,dorothy.par@gmail.com,San Diego,UK,Home Office
1622270,Manuel Moreno,mmoreno@gmail.com,Philadelphia,IN,Consumer
445052,Michael Parker,michael715@protonmail.com,Jacksonville,US,Home Office
817659,Anjali Menon,anjali_menon@protonmail.com,Chicago,US,Corporate
314142,Ines Moreno,inesmor@yahoo.com,Austin,US,Consumer
592649,Yaw Sane,yaw.san@gmail.com,San Diego,US,Consumer
1754342,Jack Williams,jackwil@gmail.com,Philadelphia,US,Corporate
466554,Sofia Ramirez,sofiaramirez@gmail.com,Chicago,UK,Consumer
122699,Lorenzo DeLuca,lorenzo_del@gmail.com,New York,UK,Corporate
731453,Aisha Cisse,aishacis@gmail.com,Dallas,CA,Consumer
657510,William Davis,wdavis@gmail.com,Dallas,UK,Consumer
96150,Owen Rogers,owen.rog@gmail.com,Chicago,DE,Consumer
86122,Aditya Pillai,aditya_pil@icloud.com,Denver,IN,Home Office
903200,Ruben Medina,ruben.med@hotmail.com,San Antonio,IN,Consumer
1442582,Harish Verma,harish.ver@yahoo.com,Jacksonville,BR,Corporate
1318141,Alejandra Ortiz,alejandra74@hotmail.com,Boston,US,Corporate
314457,Zahra Ibrahim,zahra.ibr@yahoo.com,Boston,US,Corporate
1375498,Joseph Baker,joseph749@yahoo.com,Chicago,IN,Corporate
